"","1C 1","1C 2","1C 3","1C 4","1C 5","1C 6","1C 7","1C 8","1C 9","2C 1.1","2C 1.2","2C 2.1","2C 2.2","2C 3.1","2C 3.2","2C 4.1","2C 5.1","2C 5.2","2C 6.1","2C 6.2","2C 7.1","2C 7.2","2C 8.1","2C 8.2","2C 9.1","2C 9.2","2C 10.1","2C 10.2","4C 1.1","4C 1.2","4C 1.3","4C 1.4","4C 2.1","4C 2.2","4C 2.3","4C 3.1","4C 3.2","4C 3.3","4C 3.4","4C 4.1","4C 4.2","4C 4.3","4C 4.4","4C 5.1","4C 5.2","4C 5.3","4C 5.4","4C 6.1","4C 6.2","4C 6.3","4C 6.4","8C 1.1","8C 1.2","8C 1.3","8C 1.4","8C 1.5","8C 2.1","8C 2.2","8C 2.3","8C 2.4","8C 2.5","8C 2.6","8C 2.7","8C 2.8","8C 3.1","8C 3.2","8C 3.3","8C 3.4","8C 3.5","8C 3.6","8C 3.7","8C 3.8","8C 4.1","8C 4.2","8C 4.3","8C 4.4","8C 4.5","8C 4.6","8C 4.7","8C 5.1","8C 5.2","8C 5.3","8C 5.4","8C 5.5","8C 5.6","8C 5.7","8C 5.8","8C 6.1","8C 6.2","8C 6.3","8C 6.4","8C 6.5","8C 6.6","8C 6.7","8C 6.8","16C 1.1","16C 1.2","16C 1.3","16C 1.4","16C 1.5","16C 1.6","16C 1.7","16C 1.8","16C 1.9","16C 1.10","16C 1.11","16C 1.12","16C 1.13","16C 1.14","16C 1.15","16C 1.16","16C 2.1","16C 2.2","16C 2.3","16C 2.4","16C 2.5","16C 2.6","16C 2.7","16C 2.8","16C 2.9","16C 2.10","16C 2.11","16C 2.12","16C 2.13","16C 2.14","16C 2.15","16C 2.16","16C 3.1","16C 3.2","16C 3.3","16C 3.4","16C 3.5","16C 3.6","16C 3.7","16C 3.8","16C 3.9","16C 3.10","16C 3.11","16C 3.12","16C 3.13","16C 3.14","16C 3.15","16C 4.1","16C 4.2","16C 4.3","16C 4.4","16C 4.5","16C 4.6","16C 4.7","16C 4.8","16C 4.9","16C 4.10","16C 4.11","16C 4.12","16C 4.13","16C 4.14","16C 4.15","16C 4.16","16C 5.1","16C 5.2","16C 5.3","16C 5.4","16C 5.5","16C 5.6","16C 5.7","16C 5.8","16C 5.9","16C 5.10","16C 5.11","16C 5.12","32C 1.1","32C 1.2","32C 1.3","32C 1.4","32C 1.5","32C 1.6","32C 1.7","32C 1.8","32C 1.9","32C 1.10","32C 1.11","32C 1.12","32C 1.13","32C 1.14","32C 1.15","32C 1.16","32C 1.17","32C 1.18","32C 1.19","32C 1.20","32C 1.21","32C 2.1","32C 2.2","32C 2.3","32C 2.4","32C 2.5","32C 2.6","32C 2.7","32C 2.8","32C 2.9","32C 2.10","32C 2.11","32C 2.12","32C 2.13","32C 2.14","32C 2.15","32C 2.16","32C 3.1","32C 3.2","32C 3.3","32C 3.4","32C 3.5","32C 3.6","32C 3.7","32C 3.8","32C 4.1","32C 4.2","32C 4.3","32C 4.4","32C 4.5","32C 4.6","32C 4.7","32C 4.8","32C 4.10","32C 4.11","32C 4.12","32C 4.13","32C 4.14","32C 4.15","32C 4.16","32C 4.17","32C 4.18","32C 4.19","32C 4.20","32C 4.21","32C 4.22","32C 4.23","32C 4.24","32C 5.1","32C 5.2","32C 5.3","32C 5.4","32C 5.5","32C 5.6","32C 5.7","32C 5.8","32C 5.9","32C 5.10","32C 5.11","32C 5.12","32C 5.13","32C 5.14","32C 5.15","32C 5.16","32C 5.17","32C 5.18","32C 5.19","32C 5.20","32C 5.21","32C 5.22","32C 5.23","32C 6.1","32C 6.2","32C 6.3","32C 6.4","32C 6.5","32C 6.6","32C 6.7","32C 6.8","32C 7.1","32C 7.2","32C 7.3","32C 7.4","32C 7.5","32C 7.6","32C 7.7","32C 7.8","32C 8.1","32C 8.2","32C 8.3","32C 8.4","32C 8.5","32C 8.6","64C 1.1","64C 1.2","64C 1.3","64C 1.4","64C 1.5","64C 1.6","64C 1.7","64C 1.8","64C 1.9","64C 1.10","64C 1.11","64C 1.12","64C 1.13","64C 1.14","64C 1.15","64C 1.16","64C 1.17","64C 1.18","64C 1.19","64C 1.20","64C 1.21","64C 1.22","64C 1.23","64C 1.24","64C 1.25","64C 1.26","64C 1.27","64C 1.28","64C 1.29","64C 1.30","64C 1.31","64C 1.32","64C 1.33","64C 1.34","64C 1.35","64C 1.36","64C 1.37","64C 1.38","64C 1.39","64C 1.40","64C 1.41","64C 1.42","64C 1.43","64C 1.44","64C 1.45","64C 1.46","64C 1.47","64C 1.48","64C 2.1","64C 2.2","64C 2.3","64C 2.4","64C 2.5","64C 2.6","64C 2.7","64C 2.8","64C 2.9","64C 2.10","64C 2.11","64C 2.12","64C 2.13","64C 2.14","64C 2.15","64C 2.16","64C 2.17","64C 2.18","64C 2.19","64C 2.20","64C 2.21","64C 2.22","64C 2.23","64C 2.24","64C 2.25","64C 3.1","64C 3.2","64C 3.3","64C 3.4","64C 3.5","64C 3.6","64C 3.7","64C 3.8","64C 4.2","64C 4.3","64C 4.4","64C 4.5","64C 4.6","64C 4.7","64C 4.8","64C 4.9","64C 4.10","64C 4.11","64C 4.12","64C 4.13","64C 4.14","64C 4.15","64C 4.16","64C 4.17","64C 4.18","64C 4.19","64C 4.20","64C 4.21","64C 4.22","64C 4.23","64C 4.24","64C 4.25","64C 4.26","64C 4.27","64C 4.28","64C 4.29","64C 4.30","64C 4.31","64C 4.32","64C 4.33","64C 4.34","64C 4.35","64C 4.36","64C 4.37","64C 4.38","64C 4.39","64C 5.1","64C 5.2","64C 5.3","64C 5.4","64C 5.5","64C 5.6","64C 5.7","64C 5.8","64C 5.9","64C 5.10","64C 5.11","64C 5.12","64C 5.13","64C 5.14","64C 5.15","64C 5.16","64C 6.1","64C 6.2","64C 6.3","64C 6.4","64C 6.5","64C 6.6","64C 6.7","64C 6.8","64C 7.1","64C 7.2","64C 7.3","64C 7.4","64C 7.5","64C 7.6","64C 7.7","64C 7.8","64C 7.9","64C 7.10","64C 7.11","64C 7.12","64C 7.13","64C 7.14"
"Actb",13.99,14.32,14.58,14.31,14.53,15.14,15.05,15.23,14.71,12.36,11.92,12.16,10.96,12.06,12.07,11.65,12.41,12.25,12.63,12.94,12.43,12.13,11.79,12.09,12.18,12.7,12.49,12.16,12.26,11.99,12.09,12.06,11.89,12.13,12.08,11.87,11.49,11.7,11.49,10.99,11.72,11.67,11.91,11.76,11.71,12.02,12.46,12.87,12.72,12.73,13.54,11.61,12.81,12.79,13.14,13.36,13.81,13.76,13.47,9.94,13.47,14.22,13.48,13.18,11.15,8.85,11.97,12.9,12.67,12.88,12.61,12.62,10.77,8.47,12.98,10.14,9.24,13.02,13.66,13.3,13.11,13.36,12.72,13.53,13.23,13.47,11.98,12.32,11.08,12.21,12.3,12.85,12.81,12.7,12.56,11.49,14.06,14.19,14.39,14.73,14.25,14.67,14.62,14.55,14.16,14.43,14.6,15,14.97,14.27,14.75,12.52,15.17,14.78,15.35,14.5,15.32,13.34,14.19,14.66,14.52,14.16,14.29,14.39,14.69,13.79,14.15,12.53,13.15,13.61,12.35,13.17,13.88,13.61,12.3,12.42,13.85,12.49,13.7,14.32,13.94,13.27,13,13.85,12.73,13.3,13.94,13.58,13.5,14.34,12.63,13.42,13.56,13.46,14.17,14.54,13.35,14,14.08,14.19,13.84,14.35,14,12.91,14.55,13.86,14.38,14.06,14.59,13.87,15.27,13.98,15.16,15.02,13.86,14.64,14.85,14.18,14.07,14.02,14.57,15.27,13.7,16.08,14.55,14.3,14.71,14.47,13.26,13.49,14.11,16.55,15.22,15.98,15.64,14.35,14.44,15.84,14.47,14.96,16.14,14.47,14.86,14.06,14.58,15.24,15.54,16.08,15.63,15.14,16.39,14.46,15.3,15.19,15.41,15.49,14.82,14.38,14.15,14.13,14.82,14.7,15.49,15.42,14.69,15.43,15.72,15.18,15.02,14.87,14.85,15.51,15.18,14.38,13.87,14.91,15.08,14.71,17.27,16.25,14.59,16,14.92,15.33,15.68,14.05,15.35,13.87,14.7,14.35,16,15.51,15.48,14.33,14.37,15.47,14.84,13.43,15,15.49,15.28,15.815,17.285,16.44,14.1,14.07,16.37,14.735,16.315,15.915,13.76,15.145,14.99,13.825,13.79,13.825,15.23,14.605,14.555,15.165,14.49,13.365,14.935,13.66,14.79,12.43,13.62,13.37,13.26,13.15,12.88,13.08,14.72,12.84,14.36,12.48,14.2,14.56,15.47,15.14,14.91,14.7,14.24,13.2,11.92,12.02,15.02,15.43,12.96,16.39,16.12,15.37,14.96,15.86,16.05,15.76,14.35,17.03,16.23,15.77,16.05,15.69,13.42,13.69,14.27,12.85,14.06,14.57,16.15,16.28,16.54,16.7,17.48,15.86,16.41,14.34,15.23,14.29,13.43,16.93,16.39,15.78,16.32,15.2,14.27,15.82,13.49,11.01,17.96,16.54,15.56,14.94,16.05,15.97,15.27,16.34,15.96,15.19,15.33,15.46,14.73,14.63,15.18,14.83,12.29,13.09,13.01,11.75,11.6,15.35,12.43,14.68,13,12.36,14.29,14.75,14.87,14.11,14.73,14.72,16.08,16.24,15.28,15.84,15.98,14.74,14.63,14.38,13.88,14.99,13.75,15.92,14.02,15.09,12.83,15.12,15.56,14.13,16.35,16.23,15.83,14.85,15.23,14.15,14.13,14.99,13.55,12.51,13.26,12.88,13.31,13.55,14.28,15.16,15.2,14.11,12.35,10.52,13.06,13.28,13,12.82,12.22,13.44,14.06,12.99,9.24,13.23,11.88,13.23,13.14,13.23,12.96,12.2,13.19,14.68,15.4,15.25,14.34,14.22
"Ahcy",8.72,9.44,9.81,9.41,9.4,10.63,10.63,9.6,9.74,0,4.32,3.84,3.43,3.5,0,0,2.07,1.99,3.65,4.54,4.17,0,3.95,4.65,0,2.53,2.9,2.61,3.61,0,4.63,3.42,4.48,2.83,4.73,4.26,4.86,4.93,5.08,5.64,3.73,1.36,4.11,4.3,4.66,4.33,4.68,4.89,4.44,4.19,0,3.4,6.95,7.52,6.74,6.06,4.94,2.4,5.24,3.76,3.31,3.95,3.98,1.58,4.93,1.41,3.04,6.65,5.69,5.62,6.34,5.75,3.31,0,6.43,4.7,4.06,6.52,7.29,5.86,6.24,5.29,5.71,5.96,6.21,5.89,4.94,5.38,5.35,6.83,3.48,6.37,4.44,6,5.8,2.83,4.84,6.28,7.51,5.13,6.05,7.01,6.68,7.85,7.76,7.06,6.75,7.06,7.52,5.91,6.59,5.24,7.83,6.21,5.8,7.28,8.32,6.46,7.02,6.76,6.81,6.92,7.02,6.36,7.18,6.67,6.65,7.33,6.29,6.6,6.06,5.85,7.32,5.9,3.94,5.01,6.62,6.06,6.12,5.76,5.75,6.93,6.49,7.62,6.43,6.13,7.2,7.95,6.52,6.05,7.2,7.85,7.13,8.17,6.28,6.82,6.75,6.82,5.23,8.03,6.55,8.55,8.15,8.17,7.63,6.68,8.03,6.95,8.27,7.88,6.59,9.61,6.46,6.71,8.16,8.27,6.31,9.18,9.41,7.84,6.72,6.53,7.76,7.21,9.12,8.12,8.65,8.27,7.47,8.22,8.95,7.97,7.33,7.83,8.88,8.03,7.16,8.37,8.94,7.72,7.75,8.21,6.71,7.54,9.01,9.36,7.35,7.87,5.43,6.66,7.32,4.44,7.95,7.62,8.71,8.1,6.74,9.14,8.69,7.93,8.64,6.76,6.81,8.05,8.28,7.31,6.49,8.71,8.56,8.06,5.49,7.22,7.44,8.37,8.45,9.61,6.98,8.34,8.1,7.42,7.64,7.31,5.5,6.42,6.34,7.82,7.15,6.62,5.94,7.56,7.33,7,6.62,5.76,5.75,6.76,8.38,4.76,6.15,5.78,7.13,8.635,8.105,6.335,7.585,5.84,6.975,5.805,4.865,6.015,7.42,4.9,7.005,6.94,7.615,7.81,7.14,6.35,4.015,4.62,6.5,7.53,5.4,6.77,4.15,7.72,7.27,7.57,7.84,6.91,4.15,6.96,4.36,6.52,4.85,7.14,4.39,6.04,2.93,3.37,4.34,5.18,5.63,7.21,7.26,7.76,3.76,3.55,6.55,5.4,4.15,5.98,4.79,5.57,2.41,3.56,1.68,4.84,5.29,5.89,4.88,5.52,8.07,6.68,7.19,6.3,6.03,6.77,3.07,4.65,5.9,3.92,5.1,6.15,5.79,7.9,4.52,7.58,7.67,6.62,5.14,5.92,5.95,6.51,7.09,6.96,8.19,4.26,6.7,4.55,4.04,3.9,3.84,2.42,3.56,6.27,7.51,3.61,6.63,4.81,7.24,4.92,6.03,5.58,7.87,7.05,6.48,6.1,5.36,6.22,8.06,5.98,7.03,6.9,4.67,3.35,5.23,5.4,0.670000000000002,4.03,6.68,5.43,5.43,5.83,6.06,5.71,5.22,5.68,7.03,6.28,6.72,5.61,7.27,2.85,8.46,6.17,5.42,7.94,5.59,6.2,6.47,3.34,6.18,7.01,8.01,6.11,6.56,6.96,7.25,6.98,7.81,7.46,3.31,3.1,4.04,2.32,0,2.31,6.66,7.34,7.59,7.19,6.35,6.26,7.19,6.69,2.81,6.85,6.63,7.26,5.8,6.79,6.33,5.88,6.07,4.78,4.65,5.27,2.74,2.54
"Aqp3",4.11,0,1.82,0,3.8,2.47,4.07,4.32,0,4.6,0,7.86,6.85,0,0,4.98,0,0,3.84,4.78,4.68,5.25,4.24,0,3.92,3.55,0,0,4.39,4.36,7.67,7.23,7.39,4.38,6.41,7.56,7.09,7.48,6.53,7.04,6.98,7.93,8.91,6.26,0,5.52,3.29,6.2,7.65,6.12,6.33,6.33,9.17,8.26,7.7,8.81,8.89,8.4,6.99,4.76,8.47,8.96,7.92,7.55,5.4,0,6.81,7.51,9.03,9.01,8.38,8.29,6.35,5.05,6.01,4.01,4.94,7.87,6.23,10.23,10.16,9.7,10.43,10.07,9.74,9.84,9.66,8.26,8.7,5.85,8.88,8.69,9.86,9.16,9.24,7.72,10.55,9.62,10.53,10.48,9.13,10.52,10.47,10.35,11.22,9.98,10.18,10.57,10.6,10.9,10.03,8.27,9.33,9.49,8.97,11.19,11.42,6.38,10.14,7.89,10.17,10.37,9.63,9.25,10,9.55,9.83,8.03,7.54,9.54,8.24,8.81,9.94,8.93,10.03,7.34,9.09,7.68,9.29,8.66,10.36,6.82,8.93,10.31,9.54,9.58,10.17,9.85,9.34,10.49,9.05,8.85,9.57,10.23,9,10.13,9.59,9.41,11.37,10.06,8.92,10.93,10.81,9.23,10.9,8.89,11.42,9.72,10.69,9.92,8.37,0,8.04,8.63,6.27,7.01,7.98,4.12,6.64,3.26,8.54,7.75,6.37,8.44,7.03,8.18,3.59,7.35,5.98,4.54,5.1,10.59,8.85,9.12,9.74,5.96,5.23,9.13,7.3,9.64,10.51,5.95,8.93,7.08,7.84,7.21,6.13,10.09,7.27,8.56,11.09,8.59,7.34,7.18,7.46,10.25,8.36,8.03,1.56,0,7.1,8.41,9.51,10.45,6.01,8.8,8.26,9.17,6.82,4.27,8.78,11.08,11.04,8.85,3.32,7.73,8.57,7.11,11.11,9.73,9.05,9.62,9.05,9.36,8.08,3,10.57,7.44,7.72,6.08,8.48,9.35,6.82,10.71,10.81,9.68,8.15,8.23,9.8,8.32,8.71,8.275,10.45,9.14,9.305,6.055,9.115,7.36,9.765,7.75,7.315,6.5,4.79,6.225,4.465,7.245,8.035,7.615,7.87,7.665,8.22,7.59,6.45,0,7.23,3.32,0,0,7.15,0,8.4,0,7.22,0,8.55,0,7.64,8.14,9.5,8.55,9.47,7.91,8.2,0,6.4,6.03,8.11,9.57,0,10.21,10.74,8.91,7.53,9.46,10.3,9.14,7.59,11.07,9.42,10.1,9.79,9.49,6.21,5.11,8.65,0,7.27,5.28,9.37,9.19,10.39,10.22,8.97,8.27,7.38,0,7.84,0,0,9.63,9.75,8.93,9.57,7.52,9.07,10.48,3.53,0,11.13,10.01,8.01,8.94,8.38,8.53,9.73,7.76,6.17,7.8,7.99,8.47,1.76,7.58,6.9,6.88,4.09,0,2.68,0,0,8.18,3.49,8.02,7.3,6.22,8.64,8.35,8.32,7.71,7.85,8.12,8.09,10.04,9.62,9.06,9.14,9.13,8.83,8.67,0,10.48,2.59,9.56,0,9.44,5.13,9.25,10.85,0,10.36,10.28,10.46,7.98,6.25,0,0,7.27,0,0,0,6.27,3.38,0,9.51,8.05,8.83,9.17,3.22,4.55,0,5.55,6.59,5.56,0,5.03,0,7.54,0,0,4.95,0,0,0,0,6.25,6.8,8.24,9.99,7.73,7.61,7.21
"Atp12a",0,0,0,0,0,0,0,0,0,0,0,0,0,4.86,3.55,0,5.14,5.27,6.26,3.47,0,0,2.16,0,0,2.2,0,0,0,0,0,0,0,0,0,0,0,0,0,0,0,0,0,0,0,0,0,0,0,0,0,0,0,0,0,0,0,0,0,0,0,0,0,0,0,0,0,0,0,0,0,0,0,0,0,0,0,0,0,0,0,0,3.78,0,0,0,0,0,4.33,0,0,0,0,0,0,0,0,0,4.67,3.9,0,5.83,0,4.89,5.05,5.77,4.74,4.19,4.8,0,4.16,4.01,0,0,0,0,3.68,0,0,0,0,0,0,0,0,4.63,5.41,4.72,5.58,6.47,0,4.06,3.96,0,3.78,0,4.35,0,0,5.05,0,4.34,3.99,0,0,3.89,0,6.21,5.67,0,0,0,0,0,0,0,0,0,0,0,0,5.24,4.8,0,0,4.32,4.68,4.07,4.05,0,3.97,0,6.7,8.16,0,0,5.37,0,0,0,6.22,6.1,0,7.55,0,0,0,0,0,0,0,6.39,6.35,6.22,0,0,6.28,5.29,0,8.14,7.69,0,7.35,0,0,0,0,7.79,6.07,6.25,6.83,6.02,0,0,0,7.18,7.33,0,0,0,0,7.12,8.1,7.86,0,4.79,7.25,0,0,0,6.19,8.79,7.8,0,0,0,8.19,0,7.1,4.83,0,0,0,4.76,5.73,0,7.59,0,6.68,0,6.51,0,0,8.35,7.45,5.29,0,6.42,4.7,0,7.13,0,8.36,5.91,0,0,7.235,6.35,8.085,8.07,0,3.69,6.685,0,0,0,6.27,5.145,6.395,6.305,4.955,0,6.24,0,4.76,4.46,0,0,0,0,6.58,0,5.52,0,5.22,0,4.43,4.66,3.35,5.79,5.99,2.13,0,0,0,0,5.96,5.57,0,5.97,4.73,4.67,0,5.1,5.47,4.19,0,7.11,7.3,5.04,6.46,5.64,0,0,0,0,3.28,4.41,5.82,6.99,6.36,7.4,10.13,6.32,7.31,0,5.74,0,0,7.02,6.21,5.49,7.47,6.51,7.06,5.23,0,0,7.2,6.33,2.03,7.12,6.25,6.01,8.23,7.05,4.06,4.37,4.81,3.78,0,4.4,3.1,0,0,0,0,0,0,4.84,0,4.13,0,0,0,4.55,4.79,4.34,0,4.76,6.02,4.71,6.79,5.31,4.59,5.6,0,6.93,0,4.84,0,6.2,0,4.93,0,4.05,7.35,0,6.36,5,5.87,0.309999999999999,0,0,0,5.04,0,0,0,0,0,0,2.73,5,0,6.7,0,0,0,0,0,0,0,0,0,0,0,0,0,0,0,0,0,0,0,5.87,6.36,0,5.81,4.88
"Bmp4",0,0,0,0,0,0,0,0,0,0,0,0,0,0,0,0,0,0,0,0,0,1.34,0,0,0,0,1.55,0,0,0,0,0,0,0,2.19,0,0,0,0,0,0.289999999999999,0,2.94,0,0,0,0,0,0,0,0,0.18,0,0,0,0.800000000000001,0,0,0,0,3.03,0,0,0,0,0,0,1.42,0.0899999999999999,2.35,0,3.73,0,0,0,0,0,0,0.870000000000001,0,1.92,0.960000000000001,0,0.670000000000002,0,0,0,2.94,0,0,0,0,0,0,0,0,0,0,0,0,0,0,0,0,0,0,0,0,1.16,0,0,0,0,0,0,0,0,0,0,0,0,2.56,0,0,0,0,0,0,0,0,0,0,0,0,0,0,0,0,0,0,0,0,0,0,1.93,0,0,0,0,0,0,0,0,0,0,0,0,0,0,0,0,0,0,1.66,0,0,0,0,0,1.97,0,6.81,0,0,6.57,6.36,0,4.97,7.17,4.02,0,0,5.35,0,6.94,6.54,6.48,5.24,0,4.96,6.37,0,0,0,4.55,0,0,3.04,3.11,0,2.07,3.22,0,0,0,1.49,0,0,0,0,0,0,5.31,3.74,4.46,0,2.3,2.78,3,2.23,4.34,0,0,0,1.51,0,0,0,5.24,4.25,0,0,0,1.99,0,2.14,2.02,4.1,0,0,2.02,0,0,0,0,4.31,0,5.53,0,4.77,1.7,0,0,0,0,2.21,1.27,0,0,0,0,2.72,0,0,2.23,3.065,0,0,0,0,1.645,0,0,3.745,4.54,0,0,0,0,0,0,0.559999999999999,0,0,0,3.33,0,0,4.96,0,0,0,0,0,0,0,0,0,0,0,0,0,0,4.51,4.62,6.34,0,0,0,0,0,0,0,0,0,0,0,0,0,0,0,0,6.93,0,0,0,0,0,0,0,0,0,0,0,1.16,0,0,0,5.62,0,0,0,0,2.47,0,0,0,0,0,0,0,0,0,0,0,0,2.13,0,0,0,0,0,0,0,8.58,7.43,9.81,8.79,0,0,9.6,7.97,10.58,10.27,0,0,0,0,0,0,0,0,0,0,0,0,0,0,0,0,8.97,0,0,0,7.61,0,0,7.86,0,0,0,0,0,0,0,0,0,0,0,7.2,0,0,0,0,0,0,0,0,6.53,9.96,10.68,10.96,12.38,10.21,7.79,8.35,0,0,9.95,0,0,0,0,9.93,0,0,0,0,0,0
"Cdx2",6.72,4.57,5.13,4.72,3.81,6.13,5.26,3.86,6.09,4.97,5.41,6.29,2.87,4.2,2.97,3.85,5.19,5.92,4.4,3.6,5.52,4.49,5.94,5.58,4.01,5.76,5.74,6.09,5.67,5.17,4.73,5.03,4.3,4.35,2.69,5.98,6.14,5.28,5.52,3.33,3.97,4.52,5.45,5.64,3.77,5.17,5.4,4.76,5.83,5.47,5.03,2.32,4.42,0,4.96,6.73,6.22,5.78,5.41,0,6.01,3.97,5.44,0,5.84,5.7,5.38,4.01,6.3,4.65,2.83,5.31,5.48,4.94,4.63,5.34,4.48,4.65,6.84,6.01,0,5.7,6.23,5.5,5.3,2.51,5.45,3.08,4.18,4.43,5.57,4.85,5.9,3.77,5.23,5.09,7.59,6.54,8.75,8.3,7.83,8.61,9.07,9.26,6.55,8.58,7.79,8.49,9.37,5.75,8.65,6.33,8.28,7.35,8.11,8.64,8.39,5.29,7.49,7.33,7,6.95,8.54,5.89,8.67,7.19,8.41,6.54,7.71,8.44,6.58,7.47,8.21,7.96,7.35,6.17,7.76,6.98,8.43,7.58,7.44,8.71,6.55,7.98,7.62,6.78,5.6,6.68,3.95,8.09,5.41,6.71,6.69,6.91,6.54,7.13,6.79,7.22,7.57,7.76,7.54,9.6,7.62,4.2,7.12,7.52,8.31,6.15,8.27,5.37,8.84,0,7.93,8.45,4.07,5.5,7.61,5.47,4.64,6.4,7.56,8.17,4.98,9.51,0,5.5,6.32,6.13,3.28,5.54,5.63,8.81,7.01,8.87,5.33,3.5,8.3,7.71,4.82,7.58,8.03,1.86,7.99,4.85,6.3,4.39,5.17,8.56,9.22,9.49,9.27,7.25,6.2,3.59,3.77,9.79,8.51,5.28,4.72,6.34,5.49,8.5,10,9.46,6.37,7.88,9.42,5.92,4.6,4.35,8.95,9.26,9.28,4.57,5.62,5.75,8.86,5.44,8.15,8.17,2.29,9.28,4.4,7.66,7.98,0,8.72,4.74,7.92,5.46,8.98,9.31,8.43,8.89,7.99,8.78,5.04,8.2,8.66,9,8.43,5.035,8.98,8.37,6.42,6.885,8.69,7.675,7.92,8.315,7.465,7.82,8.345,6.345,7.265,6.345,8.2,7.33,7.42,7.8,8.345,6.335,7.21,0.989999999999998,8.09,5.07,4.57,6.22,5.71,2.99,7.31,3.71,7.68,4.96,5.92,5.06,5.94,7.85,7.22,5.97,5.95,6.97,7.53,5.89,5.37,5.17,7.25,5.91,5.81,7.48,7.17,7.27,6.01,5.62,7.26,6.48,3.96,7.4,7.51,7.08,7.98,7.54,6.12,5.97,6.41,5.5,6.6,7.66,6.74,7.62,6.24,6.66,6.46,8,8.07,3.62,6.77,3.38,5.34,8.5,7.46,6.65,6.85,7.57,8.91,8.49,0,5.04,6.65,6.91,7.02,5.79,6.86,7.28,6.72,7.74,7.04,7.21,7.31,6.99,4.96,7.05,6.53,6.56,5.27,1.66,0,0,5.16,8.14,4.88,6.82,3.72,4.64,7.04,8.51,7.84,7.07,0,7.34,8.4,8.31,8.4,7.52,8.66,8.23,5.68,7.09,5.71,8.03,5.75,8.23,0,5.3,3.13,7.79,8.15,3.5,7.81,7.25,8.59,5.65,7.11,0,3.92,7.67,5.67,0,0,0,3.14,5.36,6.26,7.37,7.37,8.17,7.24,3.42,0,4.31,0,2.81,0,0,4.95,5.7,6.77,0,3.05,0,2.82,0,0,3.35,0,8.16,7.93,8.53,6.98,7.9
"Creb312",7.16,7.07,8.39,7.28,6.25,6.73,6.88,8.2,6.82,4.61,6.06,0,0,0,3.49,0,5.51,6.41,0,5.59,6.37,0,5.72,0,4.51,4.24,3.97,5.72,4.13,0,3.9,0,0,0,0,4.71,0,0,0,0,0,0,0,2.74,0,0,0,5.05,0,0,0,0,0,0,0,3.19,0,3.91,3.79,0,0,0,0,0,0,0,0,0,0,0,0,0,0,0,0,0,0,0,0,3.2,0,0,0,3.35,0,0,0,0,0,0,0,0,0,0,0,4.17,0,0,0,3.78,0,0,0,0,0,0,4.81,3.86,0,4.86,0,4.66,0,0,4.74,5.18,5.32,0,0,0,0,0,0,0,0,0,0,0,0,0,0,0,0,0,4.65,0,0,5.06,0,0,0,0,0,0,0,0,0,0,0,0,0,0,0,0,0,0,0,0,0,0,0,0,0,0,0,0,0,0,0,0,0,4.69,0,0,5.12,7.81,3.86,8.93,7.97,9.58,0,0,8.53,5.3,6.62,7.13,8.85,0,5.67,8.89,5.03,4.51,0,0,5.51,4.85,0,4.02,4.96,0,3.87,4.84,0,5.11,4.53,8.13,6.68,0,4.82,4.82,5.2,0,6.66,5.22,7.08,4.21,5.13,6.42,7.08,7.74,5.58,0,3.87,5.05,4.2,4.44,4.93,6.96,7.28,8.43,0,4.69,4.97,7.78,4.02,7.92,2.84,6.57,5.92,4.97,3.9,0,0,0,0,7.55,3.8,7.97,0,6.12,0,0,4.97,0,0,0,0,3.68,0,0,0,7.135,4.17,0,5.295,6.33,3.45,4.64,0,3.98,3.19,0,0,3.715,0,1.965,0,0,4.57,0,4.295,4.28,2.87,8.38,0,0,7.23,9.62,0,8.42,0,6.24,0,7.56,0,6.56,0,0,0,0,3.87,2.68,0,7.31,4.32,3.89,3.57,0,7.68,0,0,0,5.27,0,0,0,0,0,4.57,0,0,0,0,5.31,5.35,7.33,0,0,0,0,0,0,4.49,0,0.829999999999998,8.1,0,6.84,5.44,0,0,1.98,0,0,0,0,5.46,7.51,0,4.42,0,0,0,0,0,0,3.63,0,0,0,8.31,0,0,0,0,8.14,6.53,7.51,6.93,0,8.41,0,5.58,0,0,0,0,0,0,5.12,0,0,0,4.76,4.99,0,0,0,8.35,4.67,7.5,0,9.45,0,0,0,0,8.48,0,0,0,0,0,8.72,8.18,4.14,8.95,8.29,8.33,4.9,7.95,8.21,0,0,4.47,0,0,4.58,8.5,0,0,4.46,0,0,8.21,3.28,7.04,7.31,4.35,8.82,8.43,7.36,8.05,4.32,8.15,4.48,0,0,0,0
"Cebpa",0,0,0,0,4.31,0,0,0,0,0,6.8,6.34,6.22,0,5.31,0,6.35,6.59,7.14,7.11,6.31,0,0,0,7.61,8.03,0,2.4,5.29,0,7.49,8.04,6.78,0,6.75,6.82,8.11,8.4,6.67,0,6.32,5.53,6.9,0,5.8,5.31,5.49,6.33,7.51,7.52,0,2.98,4.9,5.4,6.01,4.35,5.55,6.99,3.17,0,8.38,6.1,7.31,6.23,2.77,0,5.78,6.31,6.27,5.59,6.89,5.36,5.55,0,6.89,6.28,5.81,6.15,8.28,0,4.33,7.81,8.01,4.71,4.31,7.25,7.35,5.2,6.02,3.89,7.95,5.31,3.14,4.96,0,5.36,7.19,0,4.83,6.01,7.48,0,7.31,6.31,8.31,6.45,2.92,7.61,8.5,7.4,1.98,0,5.08,3.5,0,7.33,2.95,7.44,6.84,5.91,7.41,7.35,2.05,4.52,6.16,6.74,6.42,0,0,0,0,4.31,0,0,0,0,0,0,0,0,6.49,0,0,0,0,6.56,5.79,5,6.51,0,6.09,0,5.78,0,7.39,5.55,7.46,6.22,7.56,0,0,7.13,0,4.02,6.79,0,6.33,0,6.33,4.38,5.17,0,5.45,6.96,5.23,0,4.95,0,0,2.26,4.15,6.53,0,6.9,0,2.21,0,0,0,0,0,5.63,6.58,0,7.04,0,5.33,4.83,0,0,5.41,0,0,0,0,0,0,0,0,3.98,6.77,6.42,0,0,0,0,2.49,4.32,0,0,0,0,6.14,0,5.94,0,3.77,0,4.89,0,0,5.95,7.11,0,4.15,0,6.82,0,0,0,0,6.38,0,0,0,0,3.85,5.94,0,0,0,6.48,0,5.69,7.2,1.59,0,0,5.26,0,0,4.265,5.385,5.66,5.8,0,6.11,0,6.145,5.36,0,5.44,2.73,0,0,3.335,4.55,0,0,0,0,5.35,0,0,6.76,0,0,0,0,0,5.16,0,4.62,0,5.27,0,0,0,6.02,0,5.89,5.22,6.17,0,0,0,5.45,0,0,6.49,5.94,7.37,7.1,7.89,4.05,0,0,7.95,7.05,6.29,3.39,5.09,0,0,0,0,0,6.59,7.38,0,7.27,6.32,0,0,6.29,0,0,0,0,4.43,6.98,7.08,6.7,6.41,6.4,7.03,0,0,6.98,6.37,4.75,5.28,0,4.61,7.68,7.19,6.8,0,7.11,8.32,0,0,5.38,4.87,0,0,0,0,0,5.77,0,6.14,5.88,0,6.93,8.79,7.78,7.64,0,8.32,4.56,8.51,6.65,7.75,6.19,7.33,6.11,5.97,2.5,6.94,0,7.91,0,7.28,0,4.6,8.08,0,7.67,7.56,0,2.62,7.39,0,0,5.13,0,0,0,0,0,4.35,6.98,8.17,8.06,8.47,0,5.67,0,0,0,0,0,0,0,0,0,0,0,0,0,3.29,0,0,0,6.25,5.47,8.17,0,5.36
"Dab2",4.92,4.95,6.27,5.08,5.59,5.07,2.67,5.16,4.45,2.17,0,3.5,0,0,0,0,0,0,3.18,0,0,0,3.09,0,0,0,0,0,0,2.75,0,0,6.21,0,3.5,4.39,3.58,5.42,4.79,3.3,2.53,5.09,0,5.58,0,3.98,6.01,0,5.78,5.27,0.890000000000001,6.11,7.08,4.18,7.47,6.77,7.55,7.43,5.78,5.66,4.31,6.99,3.96,5.85,4.9,4.27,5.64,6.96,5.75,6.74,6.85,4.65,3.19,0,6.36,0,0,3.69,7.32,6.58,6.44,7.72,7.44,7.14,6.47,7.25,6.66,6.06,3.14,1.06,3.01,5.92,3.91,2.94,6.55,7.11,6.39,8.74,10.14,8.85,9.02,10.05,9.76,9.7,9.46,10.17,9.38,9.38,9.91,5.74,9.82,8.07,10.41,9.06,10.4,9.81,9.98,5.54,7.71,8.73,8.39,8.47,8.42,7.13,9.57,7.8,9.09,8.73,8.99,9.29,9.06,9.12,8.57,8.34,8.26,5.94,9.26,8.06,8.03,9.01,6.7,8.88,7.59,7.79,8.96,8.39,8.34,9.19,8.82,8.67,4.56,7.66,8.94,8.56,8.3,8.02,8.83,8.46,8.72,9.88,8.19,9.63,9.52,6.98,8.96,9,10.33,9.53,9.52,6.96,9.48,3.59,9.59,9.97,0,6.37,9.02,4.91,3.88,5.3,8.46,8.96,5.94,9.93,5.87,6.19,6.09,4.17,4.61,4.7,3.38,9.94,9.42,10.09,5.61,6.22,8.7,9.07,0,9.99,9.3,0,9.43,5.15,0,5.34,6.12,8.9,9.03,9.2,9.98,9.02,0,0,4.7,10.91,9.73,6.44,0,0,0,9.76,10.21,10.36,4.75,8.8,9.73,5.29,4.71,4.15,8.42,9.71,10.19,5.86,0,0,8.13,0,10.87,9.31,0,8.49,0,7.98,9.34,0,10.2,2.95,7.63,3.38,9.08,9.28,7.07,8.74,9.18,8.72,3.35,8.33,8.22,8.82,8.29,2.97,11.1,9.58,3.31,0,10.015,7.935,9.53,9.6,0,8.945,9.025,3.37,0,0,9.125,8.385,8.995,9.29,8.575,2.815,7.93,8.4,9.31,0,9.21,9.87,0,7.02,8.57,9.1,8.97,8.47,7.34,4.36,9.05,8.68,8.73,8.86,8.53,7.62,8.85,7.12,0,0,8.29,9.74,5.61,9.33,8.87,6.69,6.57,7.96,9.28,9.14,6.74,9.92,9.7,8.24,9.48,8.65,0,7.07,9.31,0,6.45,6.93,9.12,8.58,9.08,8.88,9.77,8.16,8.73,6.67,7.34,4.57,6.88,9.11,9.03,7.1,8.21,8.37,8.28,9.06,5.89,8.51,9.11,9.12,7.56,7.16,7.3,8.07,7.75,6.58,6.71,8.62,7.8,8.46,8.66,7.73,8.19,6.57,3.12,3.82,0,0,4.61,9.13,4.19,8.77,5.45,0,7.89,9.37,9.2,7.99,10.43,6.68,10.21,9.4,9.09,8.71,10.14,9.31,8.25,8.64,6.42,8.67,5.47,9.74,6.19,8.13,4.67,8.79,8.19,8.93,10.06,9.17,10.24,6.65,8.94,11.38,11.53,8.58,8.36,9.45,10.11,3.98,10.04,9.9,8.64,9.47,9.19,9.39,6.53,3.8,6.76,5.36,3.27,0,0,5.14,11.59,5.23,6.64,10.31,4.31,8.16,6.68,8.8,7.7,6.54,8.67,8.86,9.28,8.83,9.02,8.29
"DppaI",10.83,10.8,10.95,10.81,10.77,11.54,10.96,11.1,11.72,6.74,6.19,5.47,5.07,6.02,5.57,5.3,7.09,5.59,5.32,6.35,5.3,6.11,4.13,5.43,5.2,5.78,5.62,5.46,2.73,0,0,0,0,0,1.91,0,0,0,0,0,0.960000000000001,1.26,0,0,0,0,3.56,3.6,1.8,3.24,0,0,0,0,0,0,0,0,0,0,0,0,0,0,0.0199999999999996,0,0,0,0,0,0,0,0,0,0,0,0,0,0,0,0,0,0,3.24,0,0,3.73,0,0,0,2.6,0,0,0,2.04,3.29,0,3.81,4.04,0,3.85,2.51,2.23,2.27,0,4.12,0,2.46,5.4,0,1.97,0,0,0,0,0,0,0,0,0,0,2.73,0,0,0,3.11,0,0,0,0,0,0,5.44,0,2.54,0,0,0,3.05,2.17,0,0,0,0,0,0,0,2.85,0,0,0,0,2.17,0,0,0,0,0,0,5.14,2.31,4.73,0,0,3.45,3.28,5.41,2.6,5.77,1.05,10.64,0,10.02,10.86,0,4.85,9.46,0,5.12,3.95,9.8,10.01,6.48,11.39,0,4.47,4.18,3.25,4.55,4.65,0,11.6,9.02,6.19,0,0,7.19,8.08,0,8.16,10.19,0,8.36,0,0,0,0,11.26,9.03,10.22,11.09,10.07,3.03,1.22,0,8.42,9.04,0,0,0,0,7.66,10.33,9.92,0,9.52,10.5,2.65,0,3.21,9.21,11.92,10.65,0,0,0,9.69,0,10.17,11.13,0,10.33,0,8.66,9.91,0,9.64,0,8.72,3.84,10.24,10,9.54,11.8,10.9,9.96,0,8.35,8.6,9.72,9.14,0,10.68,9.985,0,0,10.64,7.235,10.53,11.06,0,11.15,9.985,0,2.395,0,9.06,9.565,10.295,9.81,5.37,0,9.6,0,9.21,0,0,3.5,0,0,9.75,0,8.94,0,8.72,0,7.79,6.91,9.8,10.33,9.02,9.02,10.68,0,0,0,9.41,9.72,2.3,11.37,10.9,10.04,9.53,10.91,11.24,10.96,7.8,12.17,11.75,10.68,11.16,10.36,0,0,0,0,9.13,8.05,12.02,10.61,11.39,11.44,10.01,8.1,8.5,0,7.11,0,3.15,10.84,11.67,10.29,11.36,8.11,10.99,10.57,4.47,0,12.41,11.15,10.64,10.28,9.81,8.91,11.35,11.75,7.09,9.66,9.28,9.14,0,9.87,9.22,9.28,5.27,7.25,0,0,0,9.92,0,9.43,0,0,9.89,10.51,9.97,8.58,11.14,8.61,10.75,11.21,11.36,9.38,10.54,10.97,9.22,10.37,0,11.12,7.06,11.05,5.89,9.82,4.02,10.56,11.06,0,12.67,12.41,11.53,9.83,8.21,0,0,7.67,0,0,0,4.02,0,0,10.5,10.54,9.83,10.61,4.73,7.97,0,4.52,0,0,0,0,0,0,0,0,2.51,0,0,0,2.94,0,0,9.76,10.51,10.38,9.33,10.05
"Eomes",0.649999999999999,2.75,1.84,3.88,4.53,4.82,3.41,2.31,2.36,2.32,0.530000000000001,5.28,3.05,1.29,2.27,2.5,1.94,4.17,2.87,6.13,0,0.57,2.28,0.460000000000001,3.78,2.57,0,4.36,0,0,0,0,0,0,0.100000000000001,0,0,2.24,0,2.41,0,0,1.07,3.69,0,1.42,0,0,0,0,0,2.44,0,0,0,3.13,5.97,5.39,3.87,0,0,3.82,1.88,0,3.45,0,4.87,5.13,4.63,4.21,0.989999999999998,4.88,1.64,0,2.61,0,3.32,3.5,4.56,0,0,4.47,3.18,5.44,5.52,3.15,4.1,4.16,0.690000000000001,0,1.65,1.09,0,3.14,1.48,3.04,5.52,5.67,6.82,7.44,6.2,5.76,6.83,6.68,4.19,5.87,5.71,6.24,5.32,7.06,5.28,1.61,4.82,0,3.02,4.82,7.24,5.21,5.12,6.33,5.29,4.93,0,5.68,5.06,3.18,3.18,0,0,0,0,0,3.92,0.57,2.4,3.2,0,0.43,3.88,1.3,4.79,1.3,0,4.79,4.08,3.28,1.19,0,5.71,3.51,5.04,4.21,4.7,4.84,2.06,3.9,4.5,0,5.39,3.39,6.91,6.33,4.35,6.1,4.13,5.51,5.91,0,3.99,6.5,7.97,5.49,7.32,8.21,4.82,4.9,6.64,0,6.41,0,6.55,7.64,3.42,7.09,5.21,5.31,4.89,4.86,0,3.67,3.02,5.66,2.76,6.75,6.39,4.04,4.48,5.75,3.36,0.600000000000001,7.84,4.95,6.56,4.67,6.33,4.93,3.77,8.32,4.36,6.48,5.08,6.91,5.54,2.2,4.15,7.44,7.09,0,2.22,1.86,3.74,2.59,6.92,6.79,2.58,5.39,1.43,4.15,2.25,4.78,3.01,7.86,8.96,2.35,4.02,3.36,7.98,2.68,2.9,5.06,6.77,8.79,0.300000000000001,6.29,6.57,4.16,7.44,0,0.699999999999999,0,7.94,6.51,7.2,7.06,5.29,5.42,5.51,4.09,5.48,2.6,0,7.015,8.095,6.99,4.96,4.57,4.255,1.55,6.12,7.61,3.68,4.41,4.23,4.59,4.755,0,6.415,5.145,6.26,6.055,6.66,0.949999999999999,4.595,6.39,9.62,0,1.47,4.72,0.390000000000001,3.92,7.44,0.100000000000001,7.56,4.09,7.68,3.04,6.02,6.86,8.45,5.78,7.03,6.88,5.3,0,3.16,0,6,2.57,5.28,6.26,7.87,9.21,7.97,8.18,8.08,7.42,4.52,10.11,8.37,7.4,7.1,7.5,0.640000000000001,2.57,0,0,5.78,7.93,6.88,6.94,8.73,8.74,7.73,7,8.04,0,5.81,0.329999999999998,0,8.64,9.91,7.53,8.84,7.85,6.62,7.44,3.49,0,10.14,8.57,7.72,8.19,7.04,6.74,7.38,6.62,9.02,6.2,5.55,8.02,4.02,5.69,7.34,8.5,3.48,4.37,5.1,0,4.45,9.43,5.72,8.61,5.7,0,10.53,10.71,8.15,9.04,9.39,7.56,9,10.6,10.51,8.28,9.53,7.49,7.17,7.61,4.97,8.1,7.07,9.71,5.71,10.16,0,9.15,11.25,7.08,8.31,9.88,10.02,6.87,9.89,6.35,7.13,9.33,4.55,0,5.01,3.06,6.23,5.33,10.89,9.39,10.82,10.7,6.25,5.95,3.68,0,0,0,0,4.86,2.13,4.49,3.13,3.76,1.33,5.34,2.59,4.19,4.97,0,3.63,7.89,7.38,10.3,7.31,8.12
"Esrrb",8.31,9.1,9.08,8.89,8.44,9.4,9.2,9.35,8.95,7.5,7.06,8.17,7.32,5.63,6.81,6.88,7.63,6.33,7.47,7.16,7.24,5.62,6.56,4.67,6.58,5.75,5.75,6.78,5.73,6.11,6.53,6.54,6.97,6.06,7.47,7.09,6.24,5.44,4.44,5.19,6.27,6.47,4.6,7.41,7.17,7.28,8.03,8.23,7.47,7.27,8.6,6.38,5.71,6.79,7.19,6.22,6.64,7.73,7.37,4.75,6.84,6.94,8.47,4.41,6.43,5.15,4.5,6.92,7.59,5.65,7.44,6.62,5.78,3.7,7.06,5.52,5.28,4.53,6.75,8.09,6.58,7.64,6.73,6.68,7.22,7.79,6.19,5.87,5.57,6.6,7.16,5.46,2.75,5.36,7.39,4.5,5.15,6.37,7.14,5.17,5.57,6.76,6.15,5.24,6.92,6.67,6.3,6.26,7.03,5.79,6.5,0,0,2.82,4.46,5.76,6.72,6.64,4.38,5.43,5.5,7.1,0,4.56,5.68,4.05,6.03,6.36,6,6.54,5.86,7.1,5.6,3.21,5.31,5.24,6.34,4.24,0,5.29,0,6.1,6.69,6.71,6.71,6.79,4.83,7.14,6.71,4.74,6.29,6.18,7.12,7.03,5.25,5.19,6.84,6.81,6.31,6.05,5.25,7.49,6.64,3.89,6.87,5.57,7.7,7.05,3.41,7.43,2.54,6.07,0,0,4.82,6.99,4.71,5.03,5.48,5.37,3.68,0,5.11,0,5.89,6.05,6.75,6.57,6.36,5.33,6.76,0,0,0,6.17,2.65,0,3.14,5.41,1.69,0,4.86,0,0,4.86,5.28,4.27,0,0,0,0,0,5.99,6.54,7.08,0,0,6.61,5.81,5.67,6.78,0,2.31,0,7.42,0,0,7.27,7.7,6.83,0,0,0,6.11,7.7,8.42,4.14,8.11,0,4.3,6.29,5.08,4.51,0,0,5.63,0,3.76,0,6.13,0,5.47,0,0,4.65,0,7.59,0,0,0,0,6.84,5.725,0,4.39,3.86,0,0,3.325,4.875,3.86,0,0,6.44,0,4.565,0,0,0,0,3.21,5.595,0,2.35,0,6.43,0,4.06,5.74,3.62,0,0,0,3.78,0,0,0,0,0,0,0,0,0,2.68,5.52,5.76,0,0,0,0,0,0,2.5,4.17,0,0,0,0,0,0,0,0,6.97,2.75,6.42,4.47,3.87,0,0,0,0,0,0,0,0,0,0,0,0,0,0,0,0,0,4.12,0,0,0,0,4.6,0,0,0,0,0,0,0,4.87,0,0,4.21,4.34,0,0,6.44,0,0,3.27,3.96,0,0,0,4.91,6.81,0,0,0,0,0,0,0,0,0,0,0,0,0,0,4.95,0,6.33,0,0,0,6.26,0,0,4.5,0,0,3.83,0,0,0,3.75,0,0,3,5.31,6.85,0,0,0,0,0,0,0,0,4.33,7.03,5.59,5.86,7.24,6.75,5.76,2.9,0,0,3.39,0,0,0,6.04,4.44,0,0,0,0,0,0
"Fgf4",0,0,0,0,0,0,0,0,0,9.97,10.46,0,6.02,10.26,10.4,7.12,10.17,9.39,10.54,10.21,11.28,10.82,10.28,10.35,9.78,10.41,9.52,8.83,8.81,7.71,8.41,9.99,9.36,8.64,6.17,9.2,8.83,9.33,7.07,9.06,8.75,9.01,7.73,7.84,7.78,7.44,7.91,9.09,9.91,8.34,8.14,5.08,5.19,3.2,4.16,5.13,5.56,1.87,1.17,4.27,4.47,3.76,3.81,4.74,6.16,4.89,7.62,7.95,6.7,7.31,6.52,6,7.53,4.49,7.43,4.64,2.3,7.78,9.06,6.41,6.67,8.32,6.75,5.34,3.66,8.26,5.42,6.04,7.08,5.65,8.1,5.4,3.89,6.12,6.16,0,5.23,4.61,0,5.43,3.66,5.02,4.98,1.86,7.59,4.1,4.1,4.36,5.53,3.01,4.07,0,2.49,1.63,3.78,6.28,5.78,4.59,5.27,4.7,4.52,3.61,4.54,0.0599999999999987,5.78,5.68,5.26,3.42,3.23,4.51,0,1.15,0,0,0,2.02,3.63,4.43,4.53,2.36,0,3.7,0,5.14,4.44,4.28,4.55,5.94,0,3.68,0,2.79,3.64,0,5.39,3.87,4.61,4.58,2.38,4.3,3.29,3.13,5.23,3.48,6.17,3.97,5.26,4.74,4.82,4.97,0,6.7,0,0,7.75,0,0,4.43,9.34,0,0,0,0,0,5.36,5.96,0,9.13,0,0,0,0,0,3.29,8.3,3.28,0,4.62,3.09,3.47,0,4.27,0,5.89,9.65,10.04,6.25,0,0,0,0,0,7.69,8.72,7.72,0,0,3.64,0,0,5.48,0,0,0,7.97,0,0,2.47,4.71,0,0,2.68,0,4.34,3.88,8.35,0,2.47,0,0,0,5.43,4.14,0,0,6.83,0,0,0,8.29,0,0,5.55,0,0,0,7.02,0,0,0,0,5.99,3.38,0,4.055,0,0,0,0,0,4.985,0,0,4.2,0.524999999999999,6.065,0,0,0,0,0,7.175,0,0,0,8.41,0,0,7.9,0,0,0,0,0,0,0,0,0,0,0,0,0,0,3.17,8.85,8.64,0,0,0,0,0,0,0,0,0,0,0,0,0,0,0,0,8.44,0,0,0,0,0,0,0,0,0,0,0,0,0,0,0,3.84,0,0,0,0,0,0,0,0,0,0,0,0,0,0,0,0,0,0,0,0,0,0,0,0,0,7.96,0,0,0,0,0,0,0,0,8.93,0,0,0,0,0,0,0,0,0,0,0,0,0,0,0,0,0,0,0,0,8.6,0,0,0,0,0,7.94,0,0,0,0,0,0,0,0,8.12,0,0,0,0,0,0,0,0,0,8.34,10.22,9.94,9.13,9.59,0,9.28,0,0,8.32,0,0,0,0,7.75,0,0,0,0,0,0
"Fgfr2",10.44,10.6,10.73,11,10.45,10.89,11.29,11.28,11.08,6.73,6.42,5.47,5.37,5.96,6.09,4.29,5.53,6.33,6.27,6.63,5.57,6.75,5.7,4.3,5.7,5.46,5.2,6.47,6.49,2.55,3.57,3.96,5.16,6.36,7.33,8.2,7.62,6.58,6.41,7.37,7.93,7.37,8.29,7.37,6.91,8.41,3.72,8.64,6.99,6.06,6.31,4.65,3.49,7.37,6.59,6.86,7.57,6.9,5.41,0,7,7.64,6.38,6.27,7.79,5.36,5.82,6.28,7.06,8.49,8.56,7.88,5.78,3.63,7.03,5.79,3.9,6.02,6.33,8.43,7.07,6.8,6.6,5.84,7.13,7.49,5.61,7.22,6.58,7.65,7.68,4.62,5.67,6.8,7.74,6.09,6.95,6.53,6.87,6.52,6.36,8.02,7.86,6.98,7.43,8.34,7.87,7.36,7.83,7.71,8.05,7.45,6.64,5.5,6.58,7.57,8.67,4.25,6.49,7.32,7.22,7.85,6.6,6.94,7.18,6.33,5.38,7.24,6.91,6.58,7.83,7.43,7.14,6.63,6.3,6.06,7.97,6.82,5.85,7.35,6.5,7.37,7.12,8.03,8.05,8.4,7.7,6.54,7.69,7.88,6.81,6.99,7.82,8.13,7.34,7.66,8.15,7.67,7.75,6.66,8.39,8.12,7.22,6.26,7.37,7.57,7.49,8.08,7.07,8.7,8.55,2.61,7.01,8.31,0,5.66,7.4,5.49,0,9.16,7.44,9.36,8.12,9.37,5.75,6.34,8.31,2.72,5.6,7.89,3.47,7.78,6.8,8.02,7.65,2.12,5.21,7.72,8.05,7.38,9.03,6.01,0,5.02,0,6.23,7.43,8,6.66,8.02,7.08,6.93,0,3.37,6.03,8.4,7.38,4.57,6.3,5.6,5.14,7.37,8.87,8.67,0,6.49,7.57,4.82,6.76,8.41,7.38,8.58,8.23,3.49,5.06,2.75,8.78,0,8.13,7.06,4.81,8.26,4.08,7.22,7.48,0.899999999999999,8.41,4.44,5.94,0,8.41,6.59,7.2,7.78,7.89,8.02,0,6.9,7.03,7.07,7.79,4.535,8.78,7.15,4.17,2.62,6.98,6.465,6.945,7.435,0,6.38,6.55,3.5,5.32,0,7.475,6.35,6.27,7.085,5.705,0,6.23,9.11,7.89,0,7.37,8.89,0,7.71,7.73,6.52,7.52,7.63,7.18,3.73,7.65,7.71,8.29,7.08,7.72,7.33,7.43,3.53,5.17,0,7.16,7.19,7.24,6.99,7.39,8.66,7.56,7.59,6.58,7.13,3.2,8.92,7.73,7.4,7.77,7.6,0.969999999999999,8.08,8.07,6.62,7.12,7.63,7.37,7.76,7.67,8.2,8.99,8.04,8.9,6.9,5.77,7.07,5.29,8.64,9.24,7.26,7.72,7.42,8.62,7.64,6.14,5.9,9.32,8.25,6.63,7.58,6.97,7.29,7.62,7.1,8.55,7.91,7.1,8.2,7.89,7.79,7.74,7.6,0,7.65,5.41,3.65,6.75,8.46,6.7,7.61,4.65,0,7.73,8.9,7.12,7.47,9.58,7.08,8.76,8.53,8.52,8.34,8.74,7.84,6.97,7.88,8.1,8.54,7.03,8.74,8.56,7.32,0,7.97,8.04,7.99,8.75,7.82,8.57,6.53,8.25,6.69,6.43,8.53,6.94,7.38,7.35,0,6.94,6.88,9.27,8.65,8.31,9.44,5.93,7.5,8.5,0,0,0,0,0,7.95,0,4.82,7.25,0,7.41,7.12,7.81,7.85,0,7.58,7.31,8.15,8.48,6.68,7.76
"Fn1",0,0,0,0,3.24,2.26,0,3.69,3.9,6.1,4.33,5.01,5.78,3.39,5.3,3.69,3.71,4.8,6.07,4.32,6.5,6.16,5.26,5.4,4.95,5.47,6.25,5.85,4.15,4.36,6.74,0,6.2,4.96,6.49,5.76,4.59,4.6,5.26,2.99,5.63,0,2.22,5.64,5.66,6.82,5.3,5.17,3.32,3.78,5.19,3.86,4.08,2.28,0,4.49,2.86,3.98,2.94,4.25,2.31,3.05,0,0,3.35,3.28,0,4.23,2.45,5.4,5.08,3.75,0,3.47,3.76,1.8,0,4.46,4.35,0,0,5.53,4.92,5.97,5.53,4.79,3.2,4.39,4.96,5.19,4.12,6.07,6.11,4.74,4.65,3.33,4.81,1.52,4.47,4.49,0,2.49,4.84,3.31,2.71,0,3.02,0,0,3.1,4.81,0,5.67,4.07,4.35,0,4.29,0,4.14,5.04,0,5.4,3.9,2.7,3.4,3.11,3.7,4.73,0,0,0,0,4.33,0,3.65,3.44,3.34,0,2.56,0,2.74,0,4.55,3.82,0,0,3.16,3.09,0,0,3.59,4.84,0,5.17,2.76,0,0,0,2.14,3.58,0,1.03,0,2.93,4.65,0,4.23,0,4.61,3.36,0,7.43,0,0,8.31,8.76,0,7.55,7.63,6.26,0,0,6.67,4.14,8.88,8.27,5.97,8.68,5.94,6.78,8.03,4.44,4.87,3.81,6.33,5.34,3.08,3.99,6.23,4.48,3.34,6.34,0,6.29,9.47,7.83,7.3,0,0,0,0,0,7.62,8.43,9.19,5.14,3.65,7.76,7.82,7.68,8.01,5.29,0.989999999999998,3.07,9.29,5.03,4.54,6.94,8.46,7.76,0,0,0,8.14,7.79,9.52,5.89,8.15,0,0,4.4,3.44,0,0,0,8.33,4.69,7.65,0,7.49,0,4.04,0,0,0,0,7.22,3.19,0,0,0,7.025,1.36,0,6.405,5.63,0,0,0,1.835,6.145,0,0,7.275,6.635,6.54,0,0,0,0,2.465,4.235,0,5.78,0,7.71,5.7,4.79,8.87,4.82,4.71,4.33,0,5.24,0,6.57,0,0,0,0,0,2.28,0,7.86,7.75,7.92,0,5.78,7.29,0,4,4.02,0,0.890000000000001,0,0,0,0,3.93,0,0,0,8.66,6.47,6.03,6.98,0,0,0,0,4.77,0,0,0,3.76,6.76,2.96,7.12,6.89,0,0,0,0,0,0,0,6.76,3.36,0,0,0,0,0,0,0,5.33,0,0,0,0,3.31,0,0,0,8.82,7.59,6.88,7.63,5.6,0,8.24,0,7.6,8.84,0,0,0,0,0.640000000000001,0,0,0,0,0,0,0,0,0,6.45,0,7.34,0,6.26,0,9.07,0,0,7.07,0,0,8.58,0,0,0,4.26,0,7.05,5.86,4.27,8.98,0,6.26,0,0,0,0,0,0,8.57,9.54,8.01,9.27,8.3,8.76,4.04,8.46,3.39,4.8,8.68,4.4,6.15,6.16,5.62,8.01,5.76,0,3.68,0,0,0
"Gapdh",11.79,12.31,13.08,12.37,12.45,12.99,13.24,12.82,13.01,11.21,11.11,11.43,11.41,11.56,11.24,11.75,11.77,11.03,10.76,11.93,12.44,12.52,10.75,11.49,10.85,10.9,9.48,10.39,9.09,8.02,9.16,8.65,9,8.89,8.37,9.08,9.13,7.93,7.52,8.18,7.21,7.35,6.53,9.43,10.71,9.96,9.63,11.03,10.54,10.16,10.63,10.73,9.77,10.61,9.75,9.67,10.54,9.21,9.88,9.11,9.55,8.99,9.06,9.42,8.22,7.18,8.98,10.19,10.42,9.03,8.94,10.54,7.81,8.32,9.89,9.09,8.89,10.03,10.2,11.31,11.17,10.57,10.05,11.74,11.5,10.14,9.81,10.31,10.28,10.08,10.08,9.78,9.78,10.05,10.46,8.3,10.81,10.14,10.04,10.09,9.38,9.12,10.37,10.24,10.56,10.4,10.64,10.32,11.37,10.59,8.92,10.22,9.48,8.7,9.77,9.79,12.6,8.39,8.23,8.7,8.68,8.97,10.69,10.77,10.96,11.14,8.52,8.31,8.44,7.96,7.92,8.51,9.43,8.79,7.51,6.36,6.84,7.1,8.27,7.83,7.8,8.55,10.59,9.32,8.55,8.98,8.24,11.37,11.02,8.06,10.27,9.29,9.79,9.78,8.97,8.92,9.27,9.4,8.98,8.3,9.5,10.97,10.01,8.14,10.26,8.1,9.21,9.56,10.67,8.88,11.9,10.62,11.43,11.73,11.27,11.88,10.78,12.18,11.73,12,11.22,11.45,11.22,13.39,12.26,11.54,12.83,12.25,11.81,11.69,12.4,14.02,13.46,13.52,13.26,12.57,12.67,13.63,13.09,13.52,13.87,12.45,13.2,12.37,13.61,13.38,13.36,13.55,13.04,13.33,13.3,12.65,12.91,13.19,13.26,13.39,11.74,12.96,12.51,12.1,12.43,12.56,13.26,12.79,12.43,11.88,11.79,12.26,12.71,12.12,11.9,12.13,13.01,13.12,12.72,13.64,12.77,12.4,12.42,11.48,12.04,12.3,11.29,11.49,11.32,12.13,13.11,11.36,11.91,11.48,12.71,12.14,12.59,12.8,12.22,12.89,12.67,12.49,12.54,12.94,12.58,10.355,13.23,11.13,10.495,9.36,12.26,10.41,10.89,11.31,10.355,11.065,11.82,10.795,11.675,10.76,11.575,10.845,10.925,10.87,10.51,10.8,10.865,12.28,10.95,10.49,11.47,12.19,10.98,11.17,11.91,11.67,10.67,11.73,10.82,10.54,12.38,12.21,12.43,11.73,12.42,11.81,12.63,12.33,11.58,11.32,12.19,11.35,12.11,12.4,12.48,12.93,11.94,12.03,11.71,11.04,11.1,13.45,13,11.85,12.46,12.05,13.19,12.27,12.86,11.71,12.77,12.43,12.64,12.21,12.5,12.96,12.7,11.91,10.96,12.09,11.04,12.5,11.52,12.83,12.47,12.24,12.4,12.62,13.77,13.8,11.65,8.91,13.88,12.82,12.25,11.4,11.45,11.87,11.76,11.62,11.71,11.33,11.61,11.05,11.44,11.71,11.11,11.69,11.58,10.87,11.39,10.77,10.6,11.7,10.8,11.34,10.63,11.57,12.02,13.22,12.14,11.32,13.42,11.54,12.31,12.64,12.7,12.2,12.4,12.29,12.26,12.26,12.19,12.51,12.29,12.97,12.22,12.63,12.72,12.63,12.81,13.38,13.24,13.23,13.3,11.53,10.67,11.31,12.13,10.59,11,11.69,12.02,10.92,10.93,11,10.63,10.53,10.2,11.04,9.28,7.99,11.78,11.24,11.1,10.96,10.6,10.75,11.35,10.03,9.13,10.3,10.15,10.42,10.7,10.49,10.8,11.71,10.69,10.41,10.7,11.34,10.04,10.57
"Gata3",6.77,7.61,7.74,6.42,7.6,7.2,4.75,7.13,6.88,6.71,7.12,6.65,7.08,6.45,6.75,5.63,6.89,7.33,5.64,0,5.15,4.06,6.76,6.87,4.45,6.06,5.81,7.14,6.35,7.51,0,6.85,7.31,6.87,6.57,7.64,6.52,7.55,7.24,7.72,6.92,6.47,7.32,7.17,6.73,7.79,7.38,6.8,0,7.42,6.91,6.96,7.29,7.17,7.55,8.55,9.55,8.56,8.58,7.74,7.46,9.32,8.83,5.96,6.32,4.76,7.38,6.93,7.68,4.87,6.5,7.65,7.67,6.71,8.45,8.12,8.2,7.85,8.93,8.28,8.47,7.4,8.02,7.04,7.4,7.06,8.55,7.24,4.56,5.36,5.76,7.17,6.49,7.01,7.39,10.19,8.8,10.09,11.5,10.72,11.42,11.62,11.77,11.53,9.92,11.77,11.54,11.37,11.84,8.98,11.09,9.72,11.18,9.05,11.95,10.86,10.67,6.43,10.57,9.23,9.62,10.26,11.54,9.25,11.45,9.97,11.07,11.84,11.16,11.93,10.65,11.01,11.86,12.03,10.45,10.27,11.33,10.99,12.37,11.22,9.76,11.38,7.28,9.43,9.86,9.63,10.41,9.43,10.87,11.09,7.9,10.87,10.46,10.71,10.72,11.59,10.7,9.74,10.89,10.42,11.89,11.94,10.92,8.52,10.72,10.66,11.67,11.19,11.6,8.73,12.35,6.67,12.38,12.41,7.78,7.78,10.73,8.18,6.38,8.94,11.21,12.1,8.68,11.85,7.81,6.67,6.32,6.66,7.69,7.98,6.26,13.03,11.86,12.8,8.78,7.64,11.34,11.83,8.28,13.17,12.56,7.03,11.67,8.55,7.04,8.73,8.56,13,11.34,12.81,12.71,11.7,6.7,6.28,7.62,12.12,11.15,6.06,7.2,7.8,7.6,12.06,13.01,12.82,7.69,9.21,12.39,7.15,6.3,7.62,11.19,12.29,13.16,8.54,6.97,6.03,12.17,5.21,13.7,12.11,8.62,12.3,8.36,11.24,12.72,6.68,12.84,6.36,11.57,7.48,12.55,12.13,11.83,13.04,12.82,12.47,6.8,11.06,11.79,11.75,12.35,7.1,13.195,12.085,8.22,8.065,12.22,10.71,12.1,12.575,11.62,11.85,11.85,7.155,7.515,3.93,11.49,11.16,11.27,11.83,10.655,7.785,12.25,7.73,11.05,6.69,7.93,7.48,8.84,8.34,11.3,7.21,10.92,7.57,10.92,7.2,10.28,9.73,10.73,10.99,10.74,10.96,11.48,5.53,6.86,8.31,10.72,11.31,7.43,11.74,11.39,10.93,10.55,11.72,11.9,11.45,9.19,12.17,12.16,10.91,11.71,11.33,7.48,7.9,8.38,8.19,10.72,9.3,11.88,11.15,12.1,11.24,13.08,10.84,11.84,7.2,9.2,6.04,9.08,12.12,11.97,11.61,11.9,10.82,12.63,12.17,8.04,6.51,13.23,12.06,11.63,10.9,10.89,10.98,11.82,10.62,10.54,11.2,11.34,11.27,8.01,10.02,10.59,10.42,0,6.4,6.46,8.77,7.72,12.3,5.85,12.08,7.01,0,12,12.58,11.96,11.54,11.03,11.15,12.64,13.11,13.09,11.44,12.46,12.99,10.67,11.26,6.35,12.29,6.68,13.11,6.49,12.39,6.39,12.01,12.66,7.85,12.3,12.72,12.94,10.94,11.4,0,6.19,11.22,5.52,8.44,5.81,6.49,7.32,6.55,13.2,13.2,12.18,13.11,10.21,10.7,6.7,8.06,7.77,2.4,3.34,7.16,0,5.69,7.17,7.39,6.47,0,7.16,7.37,0,0,8.49,12.3,11.2,11.58,11.92,12.47
"Gata4",14.12,14.37,14.3,14.14,14.48,15.26,14.24,15.41,14.75,14.49,14.31,12.02,12.07,13.75,14.31,12.71,14.53,14.14,13.95,13.87,14.36,14.21,14.47,14.48,14.48,14.45,14.18,14.01,12.55,11.49,13.29,12.97,12.89,12.83,13.08,12.53,11.93,13.39,12.36,13.28,13.6,13.18,13.14,11.93,11.45,12.28,11.66,12.18,12.66,12.27,12.19,8.66,9.55,9.69,10.02,9.73,9.7,9.59,10.95,8.02,8.15,10.09,11.01,9.64,11.59,9.12,11.41,12.51,12.47,12.2,12.02,12.68,9.24,6.5,12.11,9.02,6.35,11.34,11.77,11.29,11.59,12.85,12.04,12.01,12.02,12.32,11.8,11.61,10.54,12.29,11.24,11.29,11.92,11.62,11.78,0,7.59,6.3,5.43,6.65,4.68,7.48,6.63,8.4,9.4,5.73,6.36,8.27,9.02,7.61,5.22,5.36,4.49,6.69,2.54,8.26,7.21,8.33,8.58,0,7.13,8.9,7.42,7.02,8.38,7.18,8.04,8.06,4.41,6.38,7.26,8.52,6.2,5.88,0,6.29,5.32,6.56,0,4.1,7.28,8.04,8.24,9.49,6.47,7.23,7.65,9.43,7.04,6.17,0,8.23,6.37,8.31,7.58,5.49,6.06,7.88,6.07,7.5,7.1,6.79,8.22,4.88,7.56,0,5.59,7.85,7.19,7.45,0,6.3,0,0,0,7.78,0,6.56,6.01,12.32,0,0,9.7,0,2.89,0,10.02,5.34,6.26,10,0,2.17,0,3.64,6.71,0,6.55,0,0,0,4.02,8.43,0,0,0,8.58,6.37,0,0,0,0,4.03,6.92,7.18,0,0,0,5.55,9,9.65,0,0,0,0,0,0,0,0,6.29,10.89,0,0,4.11,4.71,7.09,4.4,4.84,5.08,3.59,0,4.8,0,0,0,0,8.1,0,4.57,5.35,6.49,0,4.06,0,5.85,0,6.03,4.05,0,0,5.4,0,7.295,4.05,5.435,0,5.87,4.095,0,0,0,4.98,0,0,6.35,8.69,0,0,0,0,0,8.065,5.61,0,12.94,4.75,4.54,12.72,13.21,6.34,12.41,0,12.31,0,12.35,0,12.86,0,0,0,0,0,0,0,9.52,7.1,0,0,0,11.85,0,0,0,0,0,0,0,0,0,0,0,0,0,7.68,12.51,13.22,11.45,0,0,0,0,0,0,0,0,0,12.46,0,10.52,7.09,0,0,0,0,0,0,0,11.41,9.45,0,0,0,0,0,0,0,0,0,0,0,0,12.28,0,0,0,6.06,10.01,8.6,9.04,10.38,0,10.3,0,6.31,5.21,0,0,0,0,0,0,2.63,0,0,0,0,0,0,0,12.5,0,10.52,0,12.54,0,5.24,0,0,12.33,0,0,0,0,0,11.62,12.28,0,11.09,11,11.8,0,11.28,11.82,0,0,0,0,0,0,12.43,5.25,0,0,0,0,12.71,0,8.04,11.43,0,11.69,12.25,10.25,11.7,8.29,12.01,0,0,0,0,0
"Gata6",5.56,3.06,3.37,4.76,5.55,4.3,4.58,6.84,4.78,3.55,3.59,4.13,3.27,0,0,0,0,0,3.98,5.18,0,0,4.28,0,7.08,5.12,4.98,5.4,5.72,3.06,7.21,5.77,0.690000000000001,0,7.94,7.57,6,5.34,5.29,7.51,5.93,7.69,7.7,7.57,6.63,6.66,6.95,9.22,7.33,6.67,6.04,7.93,9.7,10.34,10.71,10.37,10.27,11.38,10.3,6.6,10.45,10.76,11.34,10.44,7.98,6.85,8.63,9.73,10.11,8.35,7.35,9.29,9.05,3.27,10.52,8.28,7.76,10.39,11.06,10.19,10.21,9.81,10.22,9.98,8.32,9.09,10.11,8.19,8.78,10.3,8.66,8.43,10.87,8,7.65,8.49,9.71,10.15,10.43,10.16,9.43,10.18,8.69,10.54,9.76,9.73,9.82,9.97,10.76,10.1,9.66,8.64,8.4,9.74,10.3,9.65,11.1,9.85,9.98,8.42,10.27,10.87,9.92,9.12,10.12,9.91,10.65,9.41,9.59,10.11,10.32,10.74,10.19,8.73,8.02,8.44,9.84,9.24,8.99,9.82,9.84,10.34,11.78,11.27,11.66,10.84,10.85,11.75,10.23,10,10.79,10.22,10.63,10.51,9.53,10.28,10.87,9.9,10.79,10.46,10.44,10.94,10.58,10.6,10.57,9.96,11.13,11.23,9.84,11.31,8.53,9.43,7.38,7.26,9.11,10.26,8.2,9.32,6.95,9.5,8.22,9.32,10.09,8.75,11.02,9.92,10.81,7.82,10.18,9.22,9.87,9.83,8.21,7.25,10.28,4.19,8.4,9.83,8.91,8.39,7.37,9.06,7.2,7.16,9.99,7.54,9.55,8.1,9.64,9.37,8.78,7.21,9.99,9.23,10.59,8.87,8.42,9.06,10.45,9.14,9.55,7.57,7.44,8.72,9.73,9.33,7.7,10.21,10.98,10.08,7.03,7.29,8.81,8.41,10.61,9.52,8.73,9.52,9.79,10.2,10.07,8.21,8.05,7.33,7.35,9.54,7.51,8.96,5.94,8.2,8.68,9.04,7.42,10.01,8.96,6.29,9.84,6.49,7.67,8.6,6.97,10.395,10.485,7.285,7.535,8.77,9.065,8.56,7.75,7.96,6.14,6.855,6.825,9.24,5.935,4.845,7.34,7.94,6.545,6.255,8.175,6.38,8.04,8.97,6.54,0,9.19,10.3,0,9.36,6.42,8.71,6.19,8.63,5.94,7.64,6.31,7.21,0,5.43,8.22,5.87,5.4,8.78,0,0,8.34,7.24,9.67,7.8,4.22,7.06,6.44,1.45,0,5.53,0,6.25,6.63,4.9,7.14,6.91,0,8.91,8.83,8.88,4.59,4.97,5.92,6.93,6.63,5.79,8.93,7.11,6.18,9.75,7.99,9.42,9.11,7.59,3.91,6.37,7.91,6.64,7.5,7.07,8.95,4.43,0,7.87,3.78,6.46,7.01,7.63,6,7.63,0,8.36,5.71,7.09,9.29,5.76,3.65,6.06,4.1,9.21,9.23,9.46,6.57,6.74,9.03,6.57,7.85,0,4.74,3.3,4.74,7.23,7.75,4.95,7.33,4.02,6.7,7.8,8.03,8.02,5.57,5.78,8.79,7.68,9.45,5.97,9.11,6.17,0,5.7,0,9.62,7.19,7.13,8.22,7.46,0,9.22,7.6,6.64,8.69,6.88,8.92,0,8.74,7.57,0,5.54,3.51,5.83,0,0,9.67,0,0,0,0,0,8.73,0,4.82,7.98,4.11,8.2,7.98,8.71,9.04,4.33,7.38,8.34,6.87,8.12,5.78,7.6
"Grhl1",14.79,14.9,15.03,14.93,15.06,15.35,15.4,15.04,14.89,9.39,8.02,9.81,8.73,9.18,8.14,8.16,8.39,8.86,8.4,8.7,8.58,9.32,7.97,7.91,7.16,7.88,8.72,8.09,3.92,4.49,5.86,0,6.83,5.01,5.71,0,4.06,4.05,5.68,4.73,0,0,2.19,0,3.73,5.4,5.39,6.76,4.8,5.32,4.18,0,0,3.87,0,2.21,5.43,4.86,3.89,0,4.63,0,3.61,0,0,0,4.24,4.8,0,5.41,3.33,6.49,0,0,0,0,0,5.04,2.75,4.34,4.07,5.11,6,3.07,0,6.08,5.83,4.79,0,4.53,5.25,3.74,5.08,4.18,5.14,0,0,0,4.17,4.09,4.16,4.16,5.09,6.06,2.32,4.72,6.68,4.85,4.75,6.45,5.16,0,4.69,3.2,3.76,4.86,6.51,5.3,3.49,0,0,4.43,4.06,0,5.21,1.47,5.48,6.22,5.67,0,4.86,5.39,4.12,5.3,3.33,0,5.81,2.67,4.71,0.43,5.85,5.5,4.41,5.2,0,5.34,5.2,5.48,0,5.73,0,0,0,5.02,5.57,6.9,4.3,4.17,4.53,6.46,4.13,5.92,0,0,2.97,0,5.97,0,5.85,3.62,6.26,5.22,7.09,7.17,0,5.51,5,5.17,5.41,2.01,4.21,6.13,4.41,6.25,4.89,0,4.24,5.4,0,0,0,7.53,7.04,5.94,5.61,0,3.02,5.95,0,0,6.91,0,5.02,0,5.22,0,3.85,7.81,0,6.27,6.74,5.89,0,0,0,5.12,3.03,0,0,0,0,0,7.48,7.1,0,0,3.14,0,3.66,0,0,6.33,7.1,0,0,0,7.41,0,5.15,6.66,5.36,7.08,4.84,5.52,6.33,4.37,5.34,5.09,0,0,4.93,6.27,5.1,5.44,1.15,6.17,0,0,4.79,4.83,5.95,0,7.61,6.72,0,0,0,4.445,5.6,0,0,4.845,4.555,0,0,3.975,4.515,0,0,4.81,3.41,0,5.995,5.03,7.17,4.19,0,0,4.6,0,6.37,4.71,3,0,6.5,0,4.47,5.77,7.4,3.95,5.95,4.39,4.58,3.73,3.72,0,2.04,0,0,6.95,5.96,7.74,6.32,6,5.05,5.86,4.92,7.11,7.05,6.6,6.86,7.33,3.82,4.47,0,0,5.55,5.51,5.76,6.59,7.09,7.07,7.72,6.17,5.86,0,5.8,0,0,7.69,7.32,7.74,6.44,8.12,0,6.21,4.34,0,8.42,6.84,8.49,8.13,5.38,5.28,6.54,5.66,6.96,6.73,3.91,5.4,0,5.41,4.86,6.77,3.97,3.72,0,0,0,6.32,0,5.94,0,0,7.56,7.84,6.33,6,3.39,4.57,7.28,8.02,7.31,6.61,7.22,5.21,0,6.64,0,6.83,0,7.3,0,7.27,0,6.8,7.45,3.96,7.53,8.28,6.85,3.68,7.72,0,0,7.08,4,0,0,4.11,0,0,8.16,7.42,7.56,8.75,0,4.65,0,0,3.7,4.74,3.26,0,4.52,0,5.33,0,0,0,0,3.51,0,0,0,5.45,7.45,8.4,4.32,0
"Grhl2",7.87,8.5,7.94,7.9,6.63,7.97,7.16,7.88,7.01,9.46,9.19,8.65,8.58,9.3,9.66,8.77,9.21,9.29,9.4,9.48,10.14,9.04,7.92,9.06,8.81,8.83,8.63,9.11,6.98,6.66,7.93,8.12,6.99,6.7,7.37,8.35,8.1,8.32,7.89,7.47,8.91,9.32,8.17,8.38,7.14,8.58,8.26,10.12,9.74,6.95,7.67,7.59,7.83,8.34,8.47,8.57,8.4,8.1,8.05,6.65,7.95,8.68,7.14,7.47,8.68,7.41,7.33,8.48,8.9,8.14,8.54,8.21,6.13,6.5,8.41,6.4,6.01,8.3,9.12,9.27,8.58,9.17,9.09,6.5,7.48,8.85,8.65,8.01,8.25,8.48,7.49,8.64,8.03,8.08,7.63,6.55,7.01,7.28,8.7,8.59,6.53,8.53,7.88,8.32,8.02,8.49,9.07,8.42,8.35,7.79,8.43,8.22,8.34,5.4,7.67,6.71,8.9,5.94,7.56,8.28,7.53,8.19,8.21,7.43,8.51,7.98,8.73,7.92,7.54,7.2,6.5,6.76,8.77,7.48,7.14,7.76,7.84,7.39,7.55,8.12,7.11,7.79,7.55,8.59,3.91,4.99,6.5,6.84,7.66,7.89,7.63,8.44,7.91,6.36,7.9,5.73,7.51,7.63,7.55,8.68,8.39,8.53,8.56,5.74,7.83,7.41,8.87,7.63,8.98,7.49,8.05,6.67,8.62,9.22,7.69,7.53,7.5,6.78,7.14,0,8.04,8.31,6.73,8.27,7.84,7.9,8.09,6.27,6.72,4.93,6.1,9.33,7.82,9.29,7.71,6.9,8.73,9.1,7.97,8.49,9.15,6.58,8.46,5.14,7.6,7.36,7.78,7.7,8.09,8.55,8.98,8.28,7.06,8.51,6.83,9.43,6.47,6.9,6.68,5.71,6.25,6.74,9.24,8.73,6.99,7.35,8.7,5.98,6.64,5.01,7.64,8.98,9.49,6.68,6.78,5.38,8.14,4.56,8.4,8.17,8.26,8.41,7.18,7.86,7.67,5.44,9.46,4.53,8.93,5.95,8.62,8.63,8.57,8.08,7.73,7.83,6.11,7.12,8.24,7.84,8.04,8.16,10.025,9.115,6.895,7.025,8.855,8.125,8.715,9.295,6.415,7.725,8.065,6.32,6.585,6.36,8.065,7.705,7.89,8.18,7.345,6.965,8.08,5.32,7.13,7.44,7,7.25,7.17,6.21,8.24,4.26,8.4,6.08,8.28,6.7,7.27,7.77,7.23,7.26,8.1,8.26,8.29,5.21,6.49,6.23,8.25,7.81,4.89,8.55,8.31,9.12,7.77,8.42,8.23,8.3,7.57,8.95,8.81,8.73,9.25,8.12,7.14,5.12,7.29,4.96,7.37,7.95,8.6,8.32,8.4,8.83,9.73,8.52,8.47,6.68,7.69,6.42,7.02,9.68,8.95,8.08,8.61,8.1,8.57,8.23,5.69,6.87,9.02,8.27,8.08,8.88,7.78,8.07,8.77,8.48,8.13,8.69,8.17,8.89,7.12,8.28,7.03,8.02,3.46,4.83,0,3.28,0,7.38,5.51,7.16,6.74,5.12,7.02,8.15,8.02,7.23,7.47,7.02,7.65,8.13,9.04,7.79,7.24,8.35,6.89,8.6,4.82,6.64,5.09,7.64,5,8.05,0,7.03,8.32,6.23,8.88,8.51,8.39,6.87,7.36,0,0,8.48,4.65,5.52,0,4.68,0,5.37,8.58,8.87,7.74,8.86,4.49,7.78,0,5.79,4.93,5.22,5.29,5.15,4.71,1.42,4.51,0,4.24,4.34,4.83,5.67,5.23,4.81,0,7.87,7.12,7.88,6.23,7.45
"Hand1",0,4.55,0,0,0,0,4.85,0,4.66,0,3.41,5.22,0,0,4.45,6.93,9.7,0,10.87,11.07,4.74,0,0,3.38,11.05,9.68,6.62,6.15,11.07,10.91,10.23,10.27,11.07,8.05,9.58,9.61,11.05,9.88,10.13,9.62,9.64,9.54,10.13,10.76,8.32,10.93,10.38,12.7,9.97,11.37,11.91,10.15,11.06,10.52,10.28,10.98,11.28,11.03,10.39,6.38,11.3,11.58,11.36,11.05,10.43,8.2,11.4,12.14,10.99,11.09,10.92,10.9,8.85,7.45,11.49,10.02,9.03,10.6,10.84,10.6,11.38,11.6,11.68,10.75,10.43,11.27,11.36,10.71,9.49,10.23,9.27,9.45,10.01,10.13,9.92,6.73,9.22,8.01,4.54,7.51,7.03,6.87,6.84,7.21,5,2.75,9.24,8.37,6.55,10.88,6.97,0,0,8.21,7.85,8.39,9.38,11.16,9.3,8.32,7.95,10.16,6.56,6.4,7.98,10.93,9.71,6.22,5.92,6.68,5.7,6.88,7.07,8.2,0,0,7.4,3.73,2.93,5.74,9.13,6.82,8.73,8.75,8.15,5.82,8.75,8.81,6.79,5.64,7.64,8.37,5.08,7.46,6.61,5.46,7.27,8.64,5.79,7.39,7.93,0,10.04,8.56,9.25,5.81,7.72,0,9.27,9.78,5.76,4.41,6.39,0,5.32,0,0,0,7.18,6.59,0,5.18,4.12,0,4.79,5.87,5.8,0,0,0,6.33,0,0,6.6,8.53,5.19,3.02,5.67,0,6.52,0,0,0,0,6.68,8.08,6.38,4.89,1.19,0,0,0,5.43,6.16,0,6.12,0,4.16,5.64,5.33,6.44,0,5.58,3.47,7.38,0,6.31,6.41,0,0,4.22,5.35,0,6.46,4.56,0,4.76,6.34,0,4.41,0,5.48,8.25,5.43,0,6.27,2.99,0,5.03,5.06,0,5.21,6.27,7.57,5.18,0,9.03,5.52,0,4.05,0,9.02,4.895,0,5.285,6.26,6.735,7.26,5.855,4.825,0,0,6.005,0,3.51,5.04,3.5,0,5.52,0,6.545,5.775,6.325,4.29,0,5.83,6.56,0,6.66,0,7.18,5.89,3.46,0,4.37,0,0,0,6.8,3.15,0,0,5.86,4.11,6.69,6.14,2.71,0,6.23,5.65,0,6.19,5.63,6.6,4.91,0,5.48,4.59,0,6.63,4.95,5.27,0,4.08,6.71,0,5.45,5.29,0,5.29,0,6.05,0,0,6.97,0,0,0,5.34,0,0,0,4.63,3.79,6.08,0,5.85,6.39,0,5.97,0,4.38,0,4.48,3.66,0,4.48,5.1,0,4.03,5.65,0,1.57,0,0,5.95,4.19,3.5,0,0,0,0,0,6.8,0,0,0,4.93,0,0,0,0,0,0,0,0,5.35,0,3.87,0,0,5.8,0,6.04,0,6.11,0,4.57,0,5.54,4.97,0,0,0,0,0,5.14,0,0,4.09,0,0,6.21,5.96,0,3.83,5.4,5.74,3.13,5.84,0,6.34,0,5.47,5.98,4.9,5.18,0,0,5.89,0,0,4.88,0,0,0,0,0,0,0
"Hnf4a",7.79,7.97,7.71,7.2,6.58,6.6,7.26,5.73,7.33,4.22,3.96,4.55,4.59,4.98,0,4.19,3.96,5.33,0,0,4.49,5.65,6.32,6.06,0,0,5.52,4.34,4,0,3.93,0,0,0,0,0,0,0,0,0,0,0,0,3.07,0,0,0,0,0,0,0,0,0,0,0,0,0,0,0,0,0,0,0,0,0,0,0,0,0,0,0,0,0,0,0,0,0,0,0,0,0,0,0,0,0,0,0,0,0,0,0,0,0,0,3.36,0,0,0,0,4.56,0,0,0,0,0,0,0,0,0,0,0,0,0,0,0,0,2.75,0,0,0,0,0,0,2.28,0,0,0,4.89,0,0,0,0,0,0,0,0,0,0,0,0,0,0,0,0,0,0,0,0,0,0,0,0,0,0,4.3,0,0,0,0,0,0,0,0,2.63,0,0,0,0,0,4.7,0,7.76,0,2.66,3.46,6.06,0,4.96,8.23,3.69,0,0,0,0,6.96,7.64,3.62,5.81,4.87,4.98,6.54,6.48,0,0,8.11,6.93,0,5.84,6.41,0,1.33,3.04,0,6.17,6.51,8.61,6.98,0,5.15,5.35,3.64,0,5.29,5.45,5.04,4.77,0,4.96,3.08,0,6.51,0,4.28,5.02,2.28,0,0,3.81,7.73,0,0,0,4.55,0,4.91,6.63,0,0,0,1.98,5.83,3.7,4.08,0,0,5.58,0,5.49,0,0,0,0,4.11,0,0,0,7.66,0,0,0,0,8.735,7.42,0,6.565,6.48,0,0,3.9,3.87,7.465,0,0,0,6.695,6.04,0,0,0,1.17,4.555,6.71,0,6.78,0,0,6.05,7.37,5.46,4.96,0,5.3,0,2.98,0,0,0,0,0,0,0,0,0,5.2,0.91,0,0,0,5.73,0,0,0,0,0,0,0,0,0,0,0,0,0,0,6.86,5.45,0,0,3.41,0,0,0,0,0,0,0,0,0,2.33,0,0,0,0,0,0,0,0,2.28,3.61,0,0,0,0,0,0,0,0,0,0,0,0,6.09,0,0,0,4.13,0,0,5.72,0,0,4.43,0,6.84,6.28,0,0,0,0,0,0,0,0,0,0,0,0,0,0,7.29,0,0,0,0,0,0,0,0,8.27,0,0,0,2.67,0,7.79,8.84,0,8.23,5.37,8.41,5.19,6,8.32,0,0,0,0,0,0,0,3.99,0,0,0,0,9.41,5.13,6.38,6.32,6.16,4.26,0,0,0,6.02,7.21,0,0,0,0,0
"Id2",8.68,8.35,9.4,8.62,9.05,9.55,9.93,10.25,9.8,8.24,5.54,6.19,5.26,6.03,6.02,1.17,4.93,4.6,5.43,7.53,5.36,7.71,6.69,6.49,6,5.56,6.74,4.93,3.42,0,3.59,0,0,3.77,0,1.99,0,0,0,0.859999999999999,0.640000000000001,3.09,2.82,0.41,3.97,4.54,5.61,2.01,3.44,1.96,0,0,0,0.84,2.11,0,4.63,0,1.55,0,0,0,0,0,0,0,0,4.64,2.52,3.64,5.29,4.02,0,0,4.61,2.77,0,3.99,4.59,4.16,0,2.7,3.82,0,5.39,2.29,0,5.76,0,4.04,0,0,0,2.09,3.29,3.51,0,3.56,9.83,7.36,7.97,7.75,8.25,8.19,6.75,9.42,6.91,8.15,9.65,0,7.66,10.29,7.72,8.19,5.64,5.38,14.36,0,3.73,8.82,0,0,6.62,0,7.57,0,3.58,6.32,5.71,8.39,0,2.01,5.45,0,6.37,0,4.11,4.68,5.13,5.7,0,5.6,0,1.77,0,0,1.12,3.13,1.18,3.45,0,0,1.92,0,0,3.94,0,2.25,2.83,1.9,3.85,7.82,4.66,0,1.37,6.41,5.8,2.31,7.78,0,11.46,3.57,10.83,11.5,0,0,10.81,0,0,0,10.67,10.24,0,10.63,0,3.21,2.59,0,5.34,0,0,12.05,10.33,11.04,4.45,2.35,8.02,10.07,0,11.2,11.6,2.72,10.7,0,3.4,0,4.74,11.99,9.54,10.59,11.8,11.03,5.36,4.05,4.75,11.84,10.18,0,1,0.539999999999999,0,11.26,11.55,10.57,0,9.56,9.06,0,0,0,9.61,10.77,11.62,0,2.85,3.42,12.13,0,11.73,10.67,2.94,11.83,0,11.29,10.57,0,11.12,1.91,9.67,0,11.39,10.28,10.02,9.14,10.23,11.03,0,8.16,9.91,11.11,11.67,0,11.92,11.16,0,0,9.625,9.03,10.575,10.33,1.74,7.825,8.64,0,0,0,10.01,9.865,10.305,11.315,9.085,2.5,9.925,0,10.37,0,3.55,5.99,0,0,12.34,1.29,9.98,0,10.32,0,10.66,11.47,11.43,11.23,10.39,11.11,9.65,0,3.25,0,11.16,10,4.62,11.34,11.44,12.68,11.61,10.39,10.77,10.92,9.86,11.96,11.59,11.51,11.86,11.92,0,4.51,9.23,0,9.7,9.3,10.97,10.77,11.94,11.98,11.83,11.51,12.03,0,10.58,0,4.34,11.79,12.37,11.06,11.76,11.63,7.94,10.63,3.04,2.93,12.62,11.86,9.61,10.35,10.39,11.19,12.05,10.96,11.32,10.51,11.32,10.84,0,9.69,10.43,12.17,0,0,0,0,0,10.45,0,9.53,0,0,9.39,10.36,9.68,8.57,8.19,8.2,10.87,10.41,9.01,9.8,9.88,9.58,8.08,8.92,0,9.66,0,9.91,0,9.53,0,9.09,10.26,0,10.51,10.29,10.61,8.15,8.72,3.55,6.05,9.81,0,4.83,4.35,1.07,1.05,0,8.36,9.52,7.06,6.37,5.54,3.54,3.8,0,0,0,0,0,3.44,0,0,0,0,0,1.64,4.08,0,0,3.36,7.92,9.04,8.9,7.07,8.16
"Klf2",8.61,9.06,8.74,8.2,8.69,8.45,9.33,8.4,9.34,8.67,7.97,9.22,9.19,8.43,8.73,9.34,7.78,7.54,9.05,10.42,9.46,6.35,8.61,9.33,10.73,9.57,9.17,9,9.28,10.98,11.07,11.17,11.14,9.91,11.06,11.17,10.68,10.94,10.06,10.22,10.46,10.69,10.26,8.53,9.66,8.95,10.23,12.15,12.11,11.68,11.66,8.39,9.61,10.32,10.36,9.96,10.52,10.15,10.8,9.16,9.88,10.42,11.49,11.38,9.1,7.31,7.74,8.95,8.42,10.21,9.73,7.71,8.87,7.12,9.32,7.82,6.88,8.09,8.95,9.45,9.27,9.63,8.46,10.13,9.89,9.12,8.32,10.19,9.4,11.01,10.75,9.01,10.41,9.48,9.98,6.06,8,7.77,8.4,8.72,8.53,9.03,8.12,8.25,7.29,9.01,8.04,9.23,8.83,7.27,7.45,4.59,9.42,8.66,8.22,9.98,10.24,8.18,9.19,9.11,10.28,11.07,9.89,9.27,9.33,9.82,8.75,8.11,8.45,8.49,7.92,8.2,9.92,7.44,7.47,7.4,9.53,6.56,8.11,9.18,9.21,9.11,8.63,10.38,8.93,8.63,9.01,9.99,9.15,9.49,8.68,8.79,7.85,8.39,8.93,10.05,9.22,9.25,9.67,9.11,8.68,7.72,9.48,8.17,8.61,8.23,8.9,8.41,9.71,9.45,2.89,8.5,4.38,0,9.18,7.42,3.99,8.96,9.35,0,5.01,5.17,0,2.38,9.03,6.94,4.75,9.26,5.63,5.44,8.49,6.61,4.46,2.5,6.77,5.18,4.18,6.44,7.64,5.12,0,5.49,0,7.55,9.83,9.8,8.3,3.19,3.33,0,5.09,0,9.01,8.26,7.34,3.76,0,9.72,0.260000000000002,1.54,9.18,5.48,2.85,3.59,9.5,0,0,8.63,9.14,3.39,5.28,4.29,2.49,9.56,8.14,9.77,0,8.77,4.88,6.64,8.1,1.9,7.98,1.86,0,5.62,3.07,0,0,8.79,5.36,6.48,4.27,5.73,5.68,4.42,8.28,5.42,0,0,0,7.73,4.38,0,5.595,0,4.755,3.485,0,0,8.1,0,0,6.7,6.6,5.48,0,0,0,0,5.1,5.6,0,0,0,7.83,0,5.15,7.44,2.62,0,3.93,0,4.2,5.96,3.95,4.48,0,0,0,2.45,3.97,0,0,7.93,7.87,0,5,3.17,4.4,0,3.35,0,0,0,0,0,0,0,1.32,0,5.19,7.17,5.15,7.17,0,5.48,0,0,0,2.35,0,0,3.53,3.66,0,4.15,2.9,0,0,3.82,0,0,0,2.6,2.24,0,0,2.59,0,0,0,0,0,0,5.8,0,0,4.67,4.22,0,0,0,0,7.58,5.23,0,0,0,0,0,0,5.54,7.1,0,0,0,0,3.33,0,0,0,4.3,0,4.93,0,0,0,0,0,0,0,0,0,8.81,0,0,3.29,0,0,6.78,0,0,0,3.08,1.34,0,0,0,6.56,0,0,0,0,0,0,0,0,0,8.66,7.73,7.07,7.75,9.39,0,7.68,0,0,8.2,0,0,0,4.58,7,5.91,0,4.77,4.73,0,0
"Klf4",9.98,10.75,10.09,11.09,11,11.3,11.27,10.29,10.7,10.62,10.86,11.12,10.32,10.73,11.06,11.64,11.07,11.16,11.38,11.55,11.17,11.15,10.65,10.47,10.89,10.82,10.81,10.76,9.49,10.26,9.79,10.15,9.79,10.17,9.11,9.72,10.23,9.35,10.2,9.86,9.57,9.1,9.29,9.7,9.05,10.21,9.57,10.17,10.44,9.36,10.63,4.42,7.2,7.82,8.38,7.79,9.66,8.88,11.12,5.27,9.09,9.59,10.82,8.95,9.19,7.25,9.16,9.24,9.24,9.65,9.13,10.1,7.3,5.2,9.72,7.19,6.84,9.97,10.64,8.94,9.9,10.24,11.12,9.44,9.93,9.95,10.26,9.72,7.88,9.97,9.56,8.52,8.28,9.06,8.89,6.39,9.54,9.74,9.73,10.05,7.98,6.04,9.48,9.79,10.54,10.2,10.4,9.15,8.83,9.16,8.74,6.5,7.36,8.69,8.72,9.62,9.67,9.69,9.34,8.25,9.94,10.02,9.32,8.7,9.09,10.12,9.6,8.74,9.12,8.8,9.67,10.08,9.6,9.19,7.65,7.43,8.97,8.62,7.22,8.57,8.81,10.41,10.48,10.52,11.66,11.53,10.93,10.51,10.33,10.17,8.79,10.03,10.77,10.59,10.36,10.82,10.99,10.51,10.77,10.88,10.18,10.55,11.08,9.38,10.03,9.28,9.87,10.97,9.91,10.57,4.94,10.04,0,0,9.2,10.53,6.33,10.58,10.13,4.5,6.43,8.43,5.48,6.93,9.26,9.4,8.78,10.26,9.38,7.39,6.7,6.1,8.05,7.35,8.83,6.86,5.16,8.73,8.51,7.77,7.62,7.62,3.86,8.64,8.91,9.27,8.12,6.72,7.82,7.5,8.58,7.69,10.14,9.25,9.24,7.3,6.33,9.72,9.07,3.03,10.18,9.26,6.96,7.61,11.33,4.41,7.54,9.73,10.58,5.73,6.98,6.82,8.41,8.39,9.98,10.49,6.61,10.6,9.78,9.14,7.43,7.55,3.93,6.5,7.01,7.94,9.07,6.47,4.66,10.16,6.47,9.33,6.21,4.63,6.29,8.36,9.3,7.18,7.04,5.24,7.81,9.63,9.885,8.285,9.01,6.75,7.51,9.16,7.89,7.23,8.685,0,0,8.285,8.445,8.745,5.06,4,0,6.545,8.345,7.35,5.575,9.47,0,8.08,8.1,7.8,9.22,8.64,0,7.97,4.29,9.41,0,7.75,0,4.22,4.87,5.65,3.55,0,0,6.43,9.56,9.69,2.87,7.37,7.91,4.94,0,0,5.1,0,3.66,6.79,0,6.61,3.62,2.88,5.33,6.55,11.33,8.41,9.61,5.75,3.73,3.19,3.71,0,4.89,0,7.1,6.58,5,8.87,7.28,8.65,7.72,6.68,7.15,6.34,3.23,5.59,6.04,6.21,6.89,4.74,6.22,0,0,4.65,5.44,3.9,5.1,7.64,0,5.93,0,4.79,9.18,5.11,3.9,0,9.65,6.04,7.13,6.51,4.63,3.51,9.43,0,7.61,8.15,0,0,0,3.91,0,4.72,4.33,0,0,0,0,4.37,0,0,8.73,0,6.67,0,7.71,0,10.02,5.07,4.23,9.49,1.03,0,6.67,3.75,3.3,7.02,7.42,0,8.65,6.85,7.31,9.46,8.5,7.49,5.55,0,0,3.61,0,0,7.28,11.37,10.36,10.48,9.28,11.05,7,10.63,2.48,7.88,9.45,7.95,8.08,6.37,8.44,7.84,8.36,0,3.9,4.62,0,0
"Klf5",0,0,0,0,0,0,0,0,0,4.87,3.85,3.55,4.1,4.61,4.49,1.26,4.79,3.85,4.54,3.27,2.36,4.52,3.44,3.83,2.51,4.16,2.5,0.629999999999999,4.15,1.27,2.13,3.24,2.42,2.72,3.62,2.22,2.93,1.91,2.14,2.5,2.74,0,1.34,3.59,3.07,5.75,5.16,5.11,5.8,5.03,4.8,4.42,7.16,7,4.35,6.22,7.85,6.43,8.13,5.57,7.04,8.15,8.29,8.21,6.51,4.33,6.2,7.03,6.55,7.98,7.85,7.56,5.2,2.39,8.41,6.13,4.44,7.74,8.25,7.93,8.62,8.48,7.4,6.77,7.63,7.76,7.89,8.09,7.05,7.75,6.35,6.54,6.91,6.84,6.27,6.23,7.59,7.25,8.43,8.1,8.25,8.27,8.01,7.58,8.35,8.67,8.3,9.05,9.01,8.64,7.45,6.17,7.48,8.46,8.55,8.5,9.19,6.72,8.13,7.41,7.61,6.63,7.74,7.56,7.37,6.53,7.12,7.09,7.11,7.42,7.62,7.63,7.74,7.92,6.5,6.89,7.39,7.22,7.64,6.78,7.5,8.24,8.15,8,8.11,8.75,8.56,8.6,8.17,8.26,7.3,7.65,8.5,7.99,8.02,8.43,7.51,8.13,7.85,8.02,7.81,7.97,6.81,7.49,6.7,7.01,6.57,7.56,6.61,8.42,6.85,5.71,7.53,7.73,5.44,5.93,5.1,5.46,6.01,6.24,6.85,7.75,6.57,7.53,5.4,5.72,6.24,5.25,6.25,6.22,5.61,7.83,7.95,8.24,6.14,6.83,6.09,7.31,5.92,8.26,8.38,5.84,5.92,5.91,6.42,7.26,7.45,7.53,6.86,7.3,7.16,6.62,5.87,5.91,7.99,8.26,5.74,5.22,5.82,5.43,5.08,5.75,8.14,7.43,5.44,7.37,7.9,5.49,6.69,5.96,6.59,7.49,8.14,4.67,5.63,6.84,8.42,6.81,8.6,8.06,6.23,6.87,4.07,5.94,7.63,3.34,8.26,5.43,7.17,5.32,6.71,6.49,5.74,7.37,6.29,7.31,2.81,4.42,7.92,7.48,8.65,6.005,9.765,7.97,7.09,4.285,8.445,6.31,8.2,7.375,5.185,6.51,7.27,5.67,4.63,5.355,6.025,7.545,6.4,7.005,6.665,5.2,7.805,4.03,3.79,4.07,4.25,5.4,3.97,5.03,3.84,4.52,3.55,5.43,5.33,5.19,4.92,4.73,4.61,4.7,3.97,5.66,5.04,2.79,4.32,4.26,4.08,4.82,4.86,4.82,5.77,5.36,4.89,5.35,5.2,4.37,1.78,6.48,5.31,5.24,5.39,6.27,3.75,5.38,5.32,5.49,5.2,4.42,5.79,5.28,6.05,6.51,9.37,6.12,6.68,6.39,5.84,5.95,5.58,6.77,7.19,5.68,5.31,5.46,5.79,6.13,5.87,4.09,6.45,5.99,5.73,5.58,4.79,5.51,5.43,6.22,5.1,5.12,5.11,5.34,5.15,4.43,4.23,5.55,2.7,3.44,0.260000000000002,3.66,2.41,5.12,4.39,4.17,4.24,1.79,4.56,5.72,5.23,5.11,2.02,2.47,5.87,5.05,4.9,4.45,4.32,4.64,1.26,4.45,4.41,4.18,6.09,4.2,5.33,2.97,1.87,4.96,4.2,5.58,5.76,5.22,4.77,0,4.91,5.22,5.09,3.77,4.16,4.19,5.08,0,4.96,4.03,4.69,4.25,3.99,4.95,0,2.14,6.08,4.91,4.16,4.69,0.48,3.15,4.94,3.92,0.260000000000002,4.92,1.8,4.65,3,4.67,3.8,4.01,2.26,2.35,4.4,3.69,4.12,5.76
"Krt8",7.52,10.41,11.08,10.11,11.17,11.66,11.27,10.67,9.62,0,0,0,0,0,0.289999999999999,0,0,4.4,6.56,5.69,5.54,4.47,0,0,6.07,0,0,0,0,0,0,0,0.489999999999998,0,0,4.95,5.06,0,4.21,0,0,0,0,0,4.07,6.32,0,0,3.68,0.829999999999998,4.12,0,0,4.42,0,0,6.71,5.69,5.54,0,6.97,7.26,0,0,0,0,0,7.53,5.01,4.49,4.92,7.42,0,0,6.98,0,0,0,6.35,7.15,7.98,6.75,8.33,4.37,7.53,0,6.22,7.21,6.53,6.32,0,3.7,5.21,4.48,1.68,4.57,7.81,6.29,9.19,7.99,8.14,7.67,8.54,0,6.94,8.14,8.29,7.68,8.54,6.08,8.15,6.14,9.01,8.12,8.96,9.42,12.83,7.27,8.76,8.48,7.26,7.26,9.96,8.18,10.25,7.56,9.04,6.79,6.13,6.8,5.68,5.56,5.21,6.29,6.93,0,6.82,0,5.36,3.81,7.9,4.59,6.55,5.15,4.26,6.47,0,8.14,6.2,7,0,5.55,5.35,6.56,5.68,3.94,1.95,0,4.29,4.29,0,7.85,8.14,3.35,8.53,0,6.22,4.84,8.15,0,11.64,6.97,11.93,11.65,5.43,8.24,11.11,7.87,8.22,8.1,11.55,11.54,5.11,12.46,7.66,7.26,8.81,8.87,8.7,7.68,8.01,14.72,12.45,12.54,9.16,9.43,11.52,12.51,8.08,13.2,12.96,9.77,12.49,8.84,9.47,8.42,10.22,14.26,12.88,11.92,13.84,12.71,9.13,10.9,9.83,11.48,10.3,8.54,3.18,6.48,8.37,10.38,11.97,11.95,7.32,11.23,10.54,7.94,6.21,8.05,10.94,12.52,12.04,6.24,6.75,9.65,11.89,7.67,12.89,9.15,6.1,11.72,8.16,10.55,10.52,7.89,11.55,8.84,10.65,7.38,10.96,11.33,10.6,12.04,10.13,11.51,7.46,9.16,12,11.48,11.98,7.93,14.36,12.77,8.705,5.775,12.73,8.865,11.69,11.025,7.06,10.925,10.74,0,5.985,6.89,11.27,11.27,11.945,11.805,9.475,8.24,10.245,7.31,9.23,0,4.67,7.52,0,1.86,10.36,4.87,10.27,6.56,10.95,0,11.4,11.6,11.72,11.42,11.47,10.11,9.12,6.61,4.34,0,12.15,12.16,6.21,12.24,12.21,12.6,11.07,11.95,11.46,12.19,9.75,13.41,12.83,12.71,11.82,12.88,3.61,4.8,6.71,3.84,12.18,9.51,12.33,11.32,12.23,13.15,12.95,12.05,11.52,6.12,11.42,6.21,4.48,12.48,13.07,12.08,11.29,12.82,10.81,9.94,6.97,0,13.6,12.23,11.83,11.42,12.28,12.04,12.84,11.01,9.59,8.06,10.02,8.4,3.17,9.47,9.11,9.6,0,0,2,0,0,7.54,0,7.35,1.32,0.329999999999998,6.4,7.85,5.98,6.25,3.4,7.55,8.33,8.7,8.09,7.98,9.36,6.46,5.68,9.14,1.35,8.67,0,8.7,2.3,6.83,0,6.1,8.73,4.23,10.64,9.52,9.43,8.62,5.27,0,1.33,7.87,0,1.24,0,2.77,0,0,0.710000000000001,7.04,5.99,5.58,1.87,0,0,0,0,0,0,0,0,0,0,0,0,1.46,0,0,0.98,0,2.15,6.89,8.66,7.67,7.25,7.76
"Lcp1",6.14,6.19,7.77,6.12,7.81,8.84,8.34,7.92,7.51,3.21,3.84,4.04,3.61,2.35,0.0199999999999996,2.88,1.69,0,2.78,5.2,5.28,0,2.12,1.29,3.96,2.6,0.390000000000001,0,2.68,0,0,0.609999999999999,0,2.5,1.78,1.84,0.359999999999999,0,2.47,0,2.12,2.42,1.3,0,3.25,0,1.09,2.61,4.31,3.6,0.600000000000001,1.47,0.890000000000001,3.61,0,3.23,3.32,2.57,1.24,0,0,3.01,2.65,0.0700000000000003,0,0,4.78,0,3.99,2.88,0,1.15,2.21,0,3.44,0,3.2,1.67,0,2.75,0,0,0,3.36,0,0,0,0,0,0,3.55,0,0,0,2.35,0.239999999999998,4.81,5.71,4.29,3.92,5.3,5.72,6.68,5,2.47,5.48,6.56,3.4,3.17,3.54,6.26,0,5.03,3.07,4.73,4.3,6.1,2.84,4.93,5.06,4.78,3.58,5.15,4.66,5.56,4.19,3.88,0,4.08,3.23,2.31,2.08,4.1,4.21,0,2.77,3.12,0.0199999999999996,4.15,3.6,5.82,3.48,4.73,2.51,2.65,6,2.82,4.15,3.2,2.93,3.29,2.5,0,4.08,3.5,2.84,5.81,5.49,0,3.74,2.65,5.35,4.8,0.190000000000001,1.74,4.74,5.24,0,5.72,4.74,10.61,4.1,9.9,10.67,7.3,7.6,10.02,7.03,6.86,6.07,10.07,10.54,5.53,10.18,8.08,8.28,4.54,8.32,5.97,5.94,5.83,9.08,8.51,8.58,7.15,5.21,8.65,7.19,6.77,7.31,8.76,6.92,9.34,3.61,3.22,5.04,4.08,9.78,6.25,9.77,8.63,8.93,6.41,7.36,6.6,10.26,8.92,8.11,4.2,2.04,6.03,9.68,11.28,9.86,7.16,10.11,9.77,8.66,8.17,7.27,9.54,10.47,10.91,6.53,3.87,8.34,9.69,8.74,6.65,5.3,5.28,10.43,3.6,8.22,7.66,7.67,10.64,8.14,8.15,8.06,9.14,7.99,9.82,9.09,8.46,8.82,5.7,7.15,8.7,6.54,9.81,6.53,10.77,9.35,6.255,6.63,9.685,7.145,9.09,9.42,2.08,9.775,8.375,5.315,4.85,6.005,8.19,7.685,8.265,7.635,4.405,5.155,7.915,1.99,10.16,0,0,0,6.58,0,10.78,0,9.3,2.64,9.29,3.55,9.44,9.78,9.8,9.64,9.45,9.72,8.96,4.32,5.09,5.45,9.42,9.47,0,10.41,10.11,9.23,6.96,9.55,10,9.41,7.05,10.67,10.43,9.67,9.6,9.82,5.58,0,6.08,2.42,7.14,8.67,10.62,9.59,10.39,10.45,10.78,8.13,9.5,4.56,8.88,6.15,4.91,10.91,10.38,9.73,9.88,10.01,9.49,8.72,2.31,2.42,11.2,10.29,9.3,8.5,9.28,9.4,9.61,10.56,9.03,9.78,9.14,9.7,2.57,9.12,8.8,10.19,3.43,1.29,1.92,0.260000000000002,0,8,3.58,8.04,4.43,1.98,8.23,9.12,8.63,7.9,4.31,8.24,8.91,9.26,9.36,8.47,8.47,9.3,7.33,8.24,3.44,8.35,3.17,9.41,2.71,8.07,3.9,8.8,9.11,3.3,9.71,8.98,9.84,7.34,8.12,2.75,0,7.24,0.379999999999999,3.69,1.95,0,0,0.370000000000001,7.6,8.46,8.17,7.16,3.83,3.01,2.96,4.45,3.06,3.66,2.6,3.53,2.67,3.42,0,0,3.25,0,3.33,1.26,2.85,4.6,0,8.45,9,9.51,7.89,8.51
"Mbnl3",5.39,4.66,5.27,3.89,4.57,7.02,6.19,6.39,6.43,3.01,5.59,6.18,7.02,4.56,3.79,6.56,6.65,6.16,7.57,7.74,3.41,3.9,5.66,6.33,5.64,5.61,4.09,5.31,6.4,6.13,6.28,6.12,5.5,3.17,4.01,3.92,5.77,2.56,3.72,5.34,7.2,4.07,3.89,1.77,3.96,4.68,2.61,6,5.51,6.28,7.05,5.9,4.41,7.73,10.78,7.48,10.45,0,2.83,0,9.9,4.09,4.37,4.9,4.87,0,0,4.52,3.78,2.79,0,4,0,2.79,3.97,0,4.65,9.88,6.94,0,3.6,4.57,0,6.52,5.16,4.14,2.08,1.94,4.09,2.16,4.57,6.74,6.58,6.43,6.77,0,3.93,3.98,6.08,2.66,2.75,4.34,4.33,6.58,6.11,0,2.56,5.13,4.87,3.37,0,4.82,3.61,3.87,3.38,5.98,3.18,6.2,3.19,5.18,7.6,7.8,7.23,6.47,5.12,7.11,2.68,0,0,0,1.85,3.4,2.49,0,0,0,0,0,2.33,2.42,1.33,2.51,3.24,4.48,4.14,2.99,2.85,4.44,2.02,3.78,0,0,2.8,0,0,1.94,3.95,4.07,0,0,0,0,0,0,0,0,0,0,0,0,7.29,0,6.8,8.41,0,0,6.83,1.63,0,0,6.87,7.4,0,7.39,0,0,0,0,0,0,0,6.14,0,0,1.49,1.09,0.329999999999998,1.62,0,6.51,6.48,0,0,0,3.8,0,0,6.49,4.16,5.12,6.51,5.2,0.129999999999999,3.1,0,7.04,6.58,2.74,0,0,0,6.03,8.2,6.88,0,5.08,5.52,0,0,0,1.6,0,6.8,3.19,0,0,7.68,0,4.02,5.51,0,0,2,3.49,0,0,4.21,0,2.74,0,0,0.829999999999998,0,6.6,7.95,0,0.27,5.61,3.49,0,6.33,0,5.345,5.945,0,0,3.62,2.49,4.15,7.445,2.51,7.805,8.28,0,0,0,6.49,5.475,6.155,7.49,4,0,7.81,3.06,8.29,0,1.59,0,0,1.7,8.37,0,6.88,0.780000000000001,7.08,0,5.84,7.69,7.35,6.31,7,6.58,7.49,4.17,0,0,7.07,7.5,0,7.41,9.01,5.4,3.94,8.61,8.56,7.89,7.04,10.04,9.34,7.3,8.67,6.97,0,0,3.66,0,5.17,6.13,8.62,8.68,9.35,8.31,6.83,6.16,6.81,2.39,6.53,1.43,0,8.85,9.26,7.85,7.3,7.76,5.93,7.35,6.35,0,9.8,7.87,7.72,7.91,6.74,6.26,8.5,0,4.49,7.02,7.21,7.04,0,6.82,6.87,7.5,0,0,0,0,0.170000000000002,6.34,0,7.32,0,0,0,8.21,7.03,7.04,7.33,4.62,7.66,7.49,7.25,7.03,7.94,7.23,5.97,0,0,1.21,1.14,8.76,2.75,8.5,0,7.59,6.94,0,7.54,9.36,8.46,5.57,5.24,4.7,3.43,5.14,3.12,2.12,0,2.31,0,1.53,8.25,7.38,7.65,7.05,4.73,3.69,1.56,0,0,0,0,0,0,0,0,2.84,0,0,0,0,0,0,1.8,4.67,8.05,8.08,6,5.82
"Msc",0,0,0,0,0,0,0,0,0,0,0,0,0,0,0,0,0,0,0,0,0,0,0,0,0,0,0,0,0,0,0,0,0,0,0,0,0.280000000000001,0,0,0,0,3.11,3.17,0,0,0,0,0,0,0,0,0,0,0,0,0,0,3.58,0,0,0,3.85,0,0,3.09,0,0,3.3,0,0,0,4.22,0,0,1.66,1.53,3.26,3.71,3.92,0,5.09,3.25,0,0,3.77,4.79,0,0,0,0,0,0,0,0,0,0,4.89,0.149999999999999,5.7,5.24,5.98,5.24,6.32,2.33,3.74,5.89,6.15,6.71,5.78,0,0,0.780000000000001,3.13,0,5.71,3.89,3.91,3.84,5.01,5.35,0,0,1.53,1.19,2.91,4.85,4.71,6.2,4.92,3.93,3.63,4.6,5.13,4.48,0,5.13,5.39,4.79,4.14,5.87,5.39,4.02,5.25,6.33,5.61,5.75,5.73,3.79,0,6.12,4.81,4.84,5.44,6.03,6.02,4.43,4.81,0,4.42,5.34,5.39,0.16,5.49,2.21,1.53,6.13,5.25,0,4.3,3.22,0,3.63,2.63,7.16,5.25,4.36,5.39,0,2.83,6.68,0.0199999999999996,4.42,0,5.44,6.2,6.07,5.78,3.41,5.22,5.17,5,5.83,4.52,3.16,6.55,5.48,4.14,2.97,0,4.21,6.29,4.37,0,4.09,0,3.66,3.4,5.32,5.86,4.87,4.48,0.210000000000001,0,5.79,3.99,5.59,3.9,0,0,5.54,5.42,0,9.09,6.83,8.79,3.48,5.34,0,7.2,4.74,4.62,6.24,5.49,0,3.35,0,0,5.7,0,1.83,0,6.03,0,0,4.13,5.86,4.16,6.22,7.06,5.15,7.62,6.69,3.64,0.969999999999999,0,0,0,0,0,5.78,0,5.935,7.615,5.135,0,0,7.12,0,4.635,4.185,5.44,4.715,2.375,0,0.27,3.32,5.005,0,0,0,3.72,2.875,4.595,0,3.7,5.17,0,0,5.78,0,5.32,0,0.469999999999999,0,0,4.34,4.97,5.36,0,0,4.15,3.91,3.12,0,0.0500000000000007,0,0,2.85,0,2.76,3.49,2.09,0,0,5.79,4.26,3.21,4.78,0,0,3.8,2.74,0,0,0,0,1.19,0,0,0,0,4.69,5.47,0,4.35,2.02,3.38,0,0,6.24,4.48,5.32,5.15,4.02,6.41,4.91,0,0,3.48,0,0,0,2.76,4.59,4.6,6.86,0,3.97,4.68,3.94,0,4.86,3.06,4.27,0,6.86,5.64,0,4.24,2.04,4.01,6.38,4.67,0,1.29,5.73,0,3.29,6.42,0,4.14,3.21,6.1,3.34,5.47,5.43,0,6.28,0,5.4,6.52,1.18,4.61,4.14,6.13,0,4.01,0,6.12,5.11,7.14,5.02,0,0,0,6.09,0,0,0,4.77,0,0,3.62,0,0,0,0,4.25,0,6.29,7.85,6.74,4.67,6.49,0,5.25,0,0,6.8,0,0,4.95,0,0,0,0,5.84,2.97,0,1.82
"Msx2",5.24,1.32,6.47,4.76,0,3.99,6.13,5.5,0,0,0,0,3.4,0,0,0,4.55,0,0,0,0,0,3.3,0,0,4.62,0,0,0,0,0,0,0,0,0,0,0,0,1.21,0,0,0,0,0,0,0,0,0,0,0,4.15,0,0,0,0,0,0,0,0,0,0,0,0,0,3.9,0,0,0,0,0,0,4.99,0,0,2.73,4.38,0,0,5.18,0,4.6,0,0,0,0,0,0,4.14,0,0,0,0,0,3.88,4.36,0,0,5.54,5.87,4.08,0,6.6,5.5,7.49,6,5.51,0,7.23,6.25,0,6.68,3.39,3.73,0,0,4.68,0,0,4.92,0,0,4.46,4.91,4.75,0,4.71,5.36,6.9,6.3,3.96,4.19,4.24,6,6.18,0,0,4.77,0,3.49,5.21,2.34,5.63,0,4.41,4.01,0,0,0,3.66,5.81,0,0,0,4.03,0,4.91,0,1.15,0,5.5,5.63,5.66,3.81,0,0,0,0.629999999999999,0,5.8,0,4.12,0,6,6.98,0,0,4.2,4.2,4.6,5.78,5.7,6.17,0,5.96,4.71,0,0,2.73,3.87,0,5.67,7.06,7.94,7.12,0,5.07,6.05,6.5,4.53,7.5,6.88,3.06,7.25,0,0,6.77,0,6.87,0,6.82,6.94,4.68,6.85,3.71,5.56,8.54,3.09,5.28,5.38,3.95,3.28,3.54,8.18,0,0,4.87,6.39,0,0,4.62,4.16,7,8.56,7.22,0,0,6.86,5.12,6.96,5.01,3.82,0.710000000000001,0,6.7,0,0,7.2,5.2,0,0,6.83,4.87,0,0,7.15,6.08,2.81,5.63,5.04,4.71,6.99,2.825,7.945,4.1,0,4.96,0,5.15,5.24,6.905,0,0,4,4.15,3.005,0,5.76,4.005,5.88,4.875,5.91,0,7.225,6.61,4.87,0,4.42,3.26,0,2.72,0,5.24,5.15,3.39,3.2,5.32,0,5.79,5.26,5.65,4.79,3.15,3.46,0,0,3.81,5.54,6.65,0,5.27,2.94,3.64,5.42,3.68,0,6.11,4.6,4.93,0,4.49,5.51,0,0,4.15,4.97,0,4.78,5.1,4.38,0,0,5.71,7.3,5.17,6.08,6.23,5.27,5.1,5.26,5.29,4.18,3.46,6.64,5.64,6.91,5.19,0,5.74,4.06,5.88,0,0,0,5.29,6.49,6.55,0,6.19,0,0,7.1,0,0,0,0,0,0,5.78,4.57,0,0,5.43,0,0,3.15,4.4,0,4.49,3.43,4.25,6.15,4.38,3.67,6.31,7.17,4.15,0,3.21,4.86,5.14,5.83,5.15,5.25,3.42,0,0,4.74,5.91,6.79,3.29,2.84,4.82,0,5.94,5.09,0,5.02,0,5.48,0,0,6.07,0,4.04,0,0,3.19,0,4.81,0,0,0,0,0,0,0,0,5.67,0,6.49,0,0,6.09,0,0,4.16,5.56,0,4.65,4.22
"Nanog",0,4.7,4.29,4.13,0,0,2.09,0,0,0,0,6.32,5.22,3.76,4.68,0,1.01,3.39,5.09,3.05,0,0,3.66,2.91,1.06,1.08,4.51,4.44,6.8,6.29,8.6,6.47,6.45,7.1,7.19,8.09,4.83,5.79,5.76,5.53,6.94,5.3,7.57,4.64,7.04,7.03,7.77,5.8,7.87,8.04,7.89,6.08,9.36,6.21,7.46,7.7,9.6,9.15,6.9,3.78,9.2,9.54,8.37,7.62,7.2,5.67,8.29,9.69,9.65,9.52,9.18,9.03,4.34,1.37,7.66,2.65,3.18,8.41,8.48,9.93,9.33,9.86,10.12,7.64,9.63,8.21,9.3,9.77,9.01,8.65,6.08,8.8,8.69,8.79,9.47,6.43,9.75,7.38,11.4,7.48,9.45,6.44,10.06,10.16,11.27,7.98,9.63,8.66,9.94,8.65,7.66,5.32,9.24,11.04,6.72,11.02,11.61,10.62,9.16,8.72,9.99,10.29,9.02,9.67,11.15,8.61,10.87,4.81,8.54,9.09,7.15,6.66,2.93,9.13,7.19,5.32,9.38,5.45,7.73,4.89,8.99,10.17,5.51,9.65,4.29,5.07,8.16,4.43,6.07,6.88,5.32,5.83,4.56,5.85,7.48,8.01,6.73,7.52,7.92,10.78,8.29,8.01,10.89,10.47,11.91,8.73,9.44,10.09,10.59,10.55,7.41,10.49,4.27,6.21,10.53,8.91,6.63,10.3,10.81,6.35,6.88,7.35,5.8,7.17,10.46,8.75,7.11,10.21,6.19,8.68,8.68,10.37,8.03,8.98,10.57,8.17,6.76,10.36,10.7,10.62,5.65,8.99,7.48,7.83,10.58,11.01,10.54,4.3,5.26,2.29,9.02,6.79,9.63,9.47,9.96,7.52,1.7,10.47,6.35,6.91,11.23,5.88,4.97,7.19,10.91,4.11,7.33,9.58,10.63,3.72,3.85,7.32,9.18,9.84,6.2,11.22,1.03,9.9,4.16,6.61,4.79,7.94,5.71,0,5.51,7.04,8.26,5.31,7.92,7.72,6.42,9.15,0,5.39,8.69,6.05,9.76,7.42,0,6.4,6.06,10.885,10.055,7.255,7.21,8.535,8.755,8.525,8.94,6.55,8.015,5.375,6.5,6.275,6.985,8.99,0,7.295,5.79,5.56,8.835,8.465,3.935,3.19,0,9.11,0,2.27,9.34,1.68,2.86,0,4.79,4.2,3.38,3.8,0,0,1.79,4.43,0,0,6.79,5.29,9.12,9.42,0,6.24,4.26,0,0,3.24,0,0,0,2.63,1.14,0,5.27,3.62,0,2.66,10,2.82,5.63,4.1,7.06,6.48,5.4,0,0,0,3.56,3.51,2.76,4.17,2.18,4.5,2.86,1.84,0,2.47,3.36,4.57,8.49,7.76,5.41,1.64,4.07,0,0,3.96,4.55,0,3.63,7.94,3.15,3.13,5.27,3.24,4.42,0,0,4.81,9.06,4.62,1.71,0,2.78,3.54,5.4,2.26,7.79,8.52,1.34,6.13,0,4.31,0,6.14,2.17,5.2,5.17,2.21,3.49,5.15,6.71,2.51,5.6,0.710000000000001,4.85,3.26,0,3.62,9.74,5.67,5.39,5.99,6.51,3.98,9.64,1.03,0,4.56,0,0,4.64,5.97,1.57,9.59,4.36,3.68,4.96,1.3,3.39,6.51,0,0,4.76,9.71,9.34,9.63,9.04,10.28,2.63,10.83,0,0,8.51,2.82,4.43,0,0,6.92,1.09,4.59,2.44,1.79,3.15,2.85
"Pdgfa",9.81,10.37,10.68,10.16,10.61,10.84,11.16,11.32,10.08,0,5.05,8.47,8.04,5.99,7.15,7.43,6.29,5.44,5.19,6.49,9.95,0,6.03,6.69,5.86,7.6,5,4.47,8.92,5.66,7.33,0,6.58,7.1,6.73,0,5.29,4.14,7.39,8.58,6.57,3.99,6.82,5.41,5.21,0,8.1,3.89,5.41,4.65,6.77,5.37,0,7.4,0,5.66,8.29,9.04,7.96,0,8.15,8.92,6.93,5.43,5.79,3.61,8.17,5.29,9.8,7.29,7.33,9.5,8.91,6.54,7.73,7.8,6.59,7.69,9.59,11.34,10.93,8.85,10.36,8.61,9.21,7.32,8.26,9.66,8.44,5.71,8.88,8.33,8.53,9.2,9.09,8.46,9.04,8.08,10.82,9.88,9.98,9.48,9.65,10.5,8.45,10.44,10.21,10.36,10.36,9.65,9.68,9.56,9.26,9.12,8.99,9.3,10.03,5.24,9.04,8.23,8.8,9.31,8.84,8.53,9.25,9.13,9.06,9.45,9.32,9.38,8.95,9.31,9.72,10.22,9.1,8.49,8.4,8.63,9.92,9.2,8.89,9,7.79,8.95,9.91,10.12,8.95,9.41,8.52,9.96,9.03,9.81,9.85,10,10.35,9.76,9.58,9.74,9.85,9.47,9.06,9.88,9.56,8.53,10.3,9.5,9.85,9.14,10.47,9.04,9.83,7.14,9.67,10.85,4.55,6.08,8.47,8.28,6.03,8.18,9.59,10.06,7.72,10.06,7.11,7.66,4.75,7.81,7.03,5.98,5.8,10.61,9.43,10.14,10.4,8.91,11.17,11.29,6.97,10.03,10.42,9.91,9.86,7.9,10.48,10.43,11.12,10.33,10.75,11.19,11.21,10.24,10.59,10.81,10.34,10.97,9.79,6.17,8.04,6.49,8.49,10.68,10.92,10.68,8.97,10.34,10.17,8.17,8.35,8.99,8.97,9.97,10.07,7.36,5.84,7.31,10.99,9.14,12.3,9.91,8.94,11.19,8.95,9.28,9.54,10.12,10.66,5.73,9.06,9.01,10.02,10.49,9.69,9.52,9.28,10.41,9.57,9.35,10.18,10.42,10.09,7.89,11.235,10.26,8.115,7.17,8.7,8.355,10.045,9.995,8.395,8.545,7.76,5.505,7.735,6.895,9.215,8.77,8.365,8.54,8.915,6.285,8.305,8.98,8.62,8.04,0,6.92,9.39,7.95,8.31,7.34,7.93,6.13,5.77,5.63,8.17,7.21,8.27,8.26,7.79,7.85,4.63,8.16,8.57,8.29,7.9,7.41,7.38,7.23,8.76,7.32,4.02,6.5,7.16,6.11,3.77,10.07,7.45,8.33,6.75,8.82,9.33,3.29,7.58,5.37,0.140000000000001,8.11,7.23,7.33,8.33,9.19,9.21,9.12,8.54,6.95,8.55,7.55,6.95,9.15,8.53,10.28,8.7,8.67,8.37,9.11,6.02,5.64,10.21,8.75,9.59,8.32,9.04,9.19,7.92,7.69,7.22,5.39,8.04,7.97,8.09,6.95,6.98,8.77,8.48,4.46,6.16,0,0,8.28,5.4,8.78,5.92,7.67,9.17,7.49,7.38,7.34,7.01,8.49,8.8,7.94,8.85,8.28,8.14,6.94,7.07,8,7.92,8.13,0,6.66,5.65,8.39,8.64,6.5,8.21,7.77,8.17,8.23,8.81,5.07,7.6,8.45,10.01,8.36,8.2,4.57,8.64,8.17,7.47,9.69,9.57,9.73,9.68,10.22,5.58,7.4,7.49,9.29,9.34,9.13,8.51,9.75,8.64,8.12,7.73,5.82,8.64,7.34,4.43,7.05,5.17,0,6.63,7.23,7.18,5.97,4.35,5.49
"Pdgfra",2.6,0,3.73,0.59,2.4,3.36,2.41,1.97,0.579999999999998,0,0,5.39,3.67,0,0.48,4.46,3.4,5.42,3.45,4.61,3.65,5.02,0,2.62,4.39,4.06,0,0,3.43,0,3.32,0,2.99,3.02,0,2.68,4.08,0.77,4.73,0,0,5.35,2.48,6.47,5.04,0,5.36,5.39,5.11,4.63,0,3.27,2.5,4.39,6.08,5.08,5.73,5.97,3.24,4.11,4.31,6.3,0,3.06,0,0,0,5.15,5.09,4.15,3.82,6.52,0,0,0,3.73,0,3.31,4.99,7.69,6.15,4.59,7.38,6.64,6.05,5.33,6.23,0,4.08,4.97,5.89,4.88,6.17,6.03,2,0,4.89,7.14,4.25,0,4.03,0,3.21,6.03,0,4.62,4.15,2.32,0.0399999999999991,6.17,5.65,0,2.09,4.11,0,3.56,6.33,4.38,3.04,5.39,4.68,1.29,1.19,6.98,0,4.14,0,3.41,2.03,0,3.05,0,4.42,0,0,0,2.24,3.74,0,1.95,3.99,3.28,0,0,2.23,0,3.35,5.83,3.33,0,2.74,1.41,0,2.91,4.66,0,0.620000000000001,3.52,2.62,0,3.34,0,0,6.09,2.01,0,0,0,0,4.27,0,9.08,0,0,7.5,10.53,0,8.35,5.61,10.34,0,0,9.62,5.09,8.15,8.56,10.24,4.71,10.17,10.26,10.25,5.63,2.72,0,9.2,6.52,0,4.1,9.48,0,0,8,3.15,7.53,7.72,9.95,8.09,0,0,0,0,0,7.07,5.48,9.2,0,0,9.83,10.27,10.14,9.76,0,0,0,9.16,0,0,8.91,8.71,10.34,0,0,0,7.74,9.59,8.62,0,8.33,0,0,6.02,0,4.08,0,0,9.47,0,9.58,0,7.97,2.66,0,0,0,0,0,9.21,0,0,0,0,7.905,0,0,5.99,5.12,0,0,0,0,6.785,0,0,8.38,8.63,6.035,0,0,0,0,2.22,6.545,0,9.17,0,0,8.77,9.15,0,8.51,0,7.98,0,8.56,0,9.14,0,0,0,0,0,0,0,8.25,4,0,0,0,9.26,0,0,0,0,0,0,0,0,0,0,0,0,0,2.45,8.16,8.36,8.84,0,0,0,0,0,0,0,0,0,9.03,0,8.65,7.91,0,0,0,0,0,0,0,8.77,6.86,0,0,0,0,0,0,0,0,0,0,0,0,8.71,0,0,0,4.41,9.28,10.19,9.63,9.02,0,9.51,0,8.9,3.65,0,0,0,0,0,0,0,0,0,0,0,0,0,0,9.87,0,10.08,0,10.38,0,0,0,0,11.25,0,0,0,0,0,9.33,8.62,0,9.72,8.99,9.08,2.81,9.72,9.28,0,0,0,0,0,0,10.12,0,0,0,0,0,10.17,0,7.25,9.75,0,9.38,10.13,9.54,9.3,3.88,8.94,2.26,0,0,0,0
"Pecam1",11.71,12.19,12.11,12.04,11.84,12.57,12.78,12.48,11.91,9.44,9,9.33,8.33,9.13,9.6,8.93,8.65,8.82,8.85,8.19,9.32,8.97,8.87,8.82,7.48,8.22,6.8,7.84,6.05,0,3,6.14,9.05,6.98,6.81,7.22,7.08,6.26,4.86,5.03,4.8,6.62,4.47,6.3,5.59,5.19,7.17,8.7,7.05,7.37,8.07,5.81,3.3,4.75,5.78,8.57,5.54,4,5.61,0,0,5.97,5.38,0,7.32,3.47,6.16,6.54,6.63,6.31,6.53,3.15,0,0,6.37,0,4.04,5.67,5.89,6.88,6.97,6.42,3.47,6.08,7.42,5.91,5.45,6.66,5.39,6.02,4.52,4.35,5.17,6.83,8.26,3.4,6.46,4.14,3.36,0,4.67,4.39,6.08,5.48,4.98,4.84,3.79,4.34,7.31,5.84,4.85,0,4.89,3.96,2.54,3.31,5.83,0,4.68,4.11,5.87,0,0,4.91,4.21,3.86,4.45,0,0,5.41,3.89,4.49,4.96,4.09,3.34,4.5,3.68,0,6.08,2.86,4.66,3.48,5.27,0,0,3.72,5.6,6.28,4.63,0,6.01,3.69,0,4.51,4.29,5.99,6.29,5.15,5.52,7.16,6,5.94,6.51,6.73,7.02,0,7.58,4.02,6.01,7.5,0,8.04,0,0,6.37,6.91,0,8.4,8.44,7.73,0,0,8.16,0,8.77,7.31,8.06,7.49,9.12,7.42,7.59,0,4.1,0,6,6.11,0,5.55,6.85,0,0,7.42,0,4.03,9.46,7.5,7.32,0,0,0,0,0,8.79,9.2,9.55,0,0,8.21,6.31,6.93,8.62,0,0,0,9.33,0,0,8.43,7.59,6.11,0,0,3.37,8.72,7.68,9.26,0,8.25,0,3.41,8.51,0,4.95,0,0,7.92,0,7.13,0,6.49,0,0,0,3.89,0,0,7.38,0,0,0,0,8.575,5.565,0,6.9,6.075,0,0,0,0,8.375,0,0,7.635,7.53,8.44,0,4.18,0,0,0,7.015,4.24,4.6,0,8.16,0,5.11,8.27,0,0,2.99,0,0,0,5.17,0,0,0,0,0,0,0,7.13,8.16,7.68,0,0,3.71,0,0,0,0,0,0,0,0,0,0,0,0,0,7.88,0,4.17,5.41,0,0,0,0,0,0,0,0,0,5.8,0,6.34,5.61,0,0,0,0,0,0,0,6.45,0,0,0,4.08,0,0,0,0,4.46,0,0,0,0,4.14,0,0,0,7.65,7.25,6.6,7.41,4.19,0,6.69,0,8.05,6.78,0,0,0,0,0,0,0,0,0,0,3.95,0,4.88,0,4.91,0,5.36,0,0,0,7.95,0,0,4.22,0,0,5.71,0,0,0,2.68,0,4.02,0,0,6.75,0,0,0,0,0,0,0,0,4.52,7.12,7.16,7,7.13,7.59,4.26,3.84,0,0,7.5,5.96,4.83,0,5.56,7.31,0,0,0,0,0,0
"Pou5f1",12.28,12.52,12.53,12.57,12.31,12.83,13.1,12.39,12.49,9.08,9.17,9.76,9.19,8.89,8.73,9.08,8.98,8.4,8.21,7.93,9.53,9.99,8.74,9.17,7.86,8.49,8.15,8.71,8.15,6.51,8.55,8.02,8.34,6.77,7.02,8.36,7.91,7.44,7.07,8.22,8.16,8.72,8,6.43,6.05,7.65,6.41,7.29,8.31,8.67,8.84,6.89,8.61,9.15,9.42,8.99,10.12,9.65,10.15,3.54,9.27,10.23,10.45,9.01,7.6,5.02,7.27,8.16,15.9,12.38,7.25,8.87,5.86,5.22,8.53,9.58,6.81,9.19,8.98,8.97,7.84,8.13,8.74,8.56,9.17,8.04,7.81,8.51,6.67,8.77,8.58,8.63,9.25,8.17,7.29,7.57,10.07,10.53,11.44,10.52,11.12,10.76,11.16,11.19,11.23,10.92,11.19,10.94,11.37,10.9,11.04,8.21,9.87,9.88,9.98,10.93,11.86,10.55,10.96,11.15,10.94,10.69,10.76,10.76,11.11,10.46,10.72,9.96,9.89,10.15,9.81,10.29,10.34,10.29,9.45,8.24,10.08,9.16,10.02,9.78,10.49,10.34,9.78,10.68,10.94,11.03,10.51,11.36,11.18,10.9,9.37,10.79,10.92,10.92,10.88,10.91,11,10.86,10.19,11.01,10.63,10.53,10.73,10.4,10.73,10.65,10.2,10.38,10.54,10.58,8.63,10.1,8,8.39,10.09,10.54,8.21,10.44,10.23,9.81,6.84,8.19,9.61,8.43,9.56,8.88,9.15,8.82,8.86,9.11,9.12,8.76,7.89,7.73,9.02,7.92,7.92,9.03,8.48,8.38,8.19,8.58,7.84,8.37,9.37,9.3,8.92,8.17,8.9,8.95,8.34,6.3,8.36,8.46,8.78,9.94,9.11,10.17,9.66,9.39,10.47,8.88,9.19,9.62,10.48,9.62,8.57,9.19,10.08,9.88,7.5,7.61,9.02,9.61,9.31,10.75,7.93,9.46,9.07,8.3,9.53,9.24,9.29,7.92,8.33,9.97,8.11,7.02,7.52,8.63,7.96,8.33,8.31,6.95,7.42,7.65,9.03,7.12,7.53,7.32,7.68,11.06,10.8,9.095,8.87,9.58,9.17,9.055,8.055,9.15,9.585,7.725,8.37,9.475,9.325,9.78,8.585,8.265,7.28,8.455,9.22,8.375,8.865,8.38,3.8,9.17,9,9.56,9.95,9.14,4.18,9.36,4.01,9,5.63,9.79,0,5.19,2.99,5.61,6.28,3.53,5.94,8.36,7.95,8.28,3.96,7.03,7.6,4.22,0,4.47,0,5.22,3.58,4.88,3.87,4.29,5.38,3.51,2.62,4.86,8.14,7.15,7.72,7.99,5.04,5.94,3.77,5.62,2.84,2.48,5.28,4.68,7.05,8.27,7.08,8.33,8.76,5.35,4.87,4.54,3.69,3.01,6.17,2.42,7.45,2.56,4.58,3.27,4.66,0,6.37,2.27,3.86,7.92,2.99,6.13,5.07,5.5,9.69,6.15,4.6,3.92,9.93,9.63,8.81,9.93,7.56,6.79,9.82,7.39,9.61,9.67,6.22,6.1,7.15,6.69,8.6,7.1,8.07,6.99,6.86,7.46,8,6.87,6.62,7.76,9.56,6.06,8.7,7.12,9.14,8.02,9.86,6.77,7.37,8.17,6.85,6.28,8,5.04,5.77,9.6,10.12,6.78,9.04,9.22,9.87,8.99,9.79,9.35,7.46,7.52,7.81,6.85,6.79,6.74,9.48,10.06,10.19,10.34,9.57,10.1,8.75,9,6.12,9.87,9.14,9.45,9.62,9.16,9.82,9.52,9.17,6.02,7.88,7.09,5.54,6.42
"Runx1",3.84,0,0,0,0,0,0,5.57,0,0,0,0,0,0,4.64,4.94,0,5.05,6.28,3.85,0,3.53,0,0,5.16,5.21,4.79,5.29,5.23,3.77,4.1,4.09,4.86,3.54,5.23,0,5.55,0,6.19,5.08,3.49,5.37,5.46,4.31,0,5.67,5.35,5.72,4.04,4.17,6.14,4.48,0,4.53,5.96,3.62,4.87,4.87,5.45,3.57,4.05,5.8,6.7,4.62,5.38,2.58,0,5.33,4.84,6.02,5.63,0,0,0,6.02,0,0,5.83,3.23,5.94,3.3,3.48,6.64,5.04,6.65,0,5.78,6.01,4.88,2.28,4.69,4.14,6.03,4.8,5.49,5.71,0,6.14,7.32,6.33,6.74,7.27,7.52,7.15,6.16,6.5,7.09,6.56,7.3,0,7,5.5,7.73,6.82,7.62,4.61,6.83,0,6.37,6.87,6.23,5.36,6.24,6.69,7.24,7.5,4.95,7.01,7.1,6.63,5.17,6.62,6.37,7.42,4.92,6.44,6.16,7.04,1.72,0,4.83,5.76,3.54,6.15,0,4.85,5.84,4.51,6.61,7.01,6.86,6,6.94,7.38,6.4,4.76,7.05,5.52,0,5.59,6.8,6.75,0,3.11,2.58,6.06,6.67,5.96,3.4,0,6.59,4.01,7.51,4.49,0,6.36,4.1,3.01,0,8.53,5.39,6.33,7.81,6.67,0,3.66,6.7,0,0,4.78,0,5.58,5.82,4.6,0,0,0,2.34,0,7.99,6.05,0,3.88,0,0,6.01,5.81,7.79,6.23,7.13,6.8,4.54,0,0,0,8.39,6.12,0,7.15,6.61,0,4.92,7.39,7.95,0,5.1,6.14,0,0,4.68,7.19,0,5.4,0,0,0,5.6,0,8.25,7.06,4.04,0,0,6.82,5.68,0,8.33,0,4.36,0,5.45,3.85,0,6.71,7.54,0,0,4.8,6.43,6.03,7.35,3.345,6.375,6.33,0,0,6.385,3.44,0,7.115,0,0,6.905,0,0,0,7.355,6.025,4.84,6.255,0,0,0,7.61,0,0,8.45,8.69,0,8.94,5.84,8.78,4.33,8.25,5.37,7.53,5.67,6.91,0,6.75,5.93,6.01,0,4.68,0,0,6.06,6.51,7.43,5.13,5.91,7.22,3.81,2.73,3.79,5.42,0,6.45,6.91,5.25,7.57,5.9,0,7.55,8.59,7.08,4.8,5.06,4.28,5.44,6.88,7.2,9.06,7.19,7.7,8.07,7.06,7.58,7.63,7.41,4.24,7.45,6.86,7.25,7.13,6.65,8.63,7.48,2.71,6.49,5.62,6.17,5,5.73,7.1,0,4.33,7.27,4.88,6.03,9.43,2.77,0.91,5.7,0,8.03,3.64,6.01,3.47,5.86,7.26,4.79,0,2.58,0,5.07,0,3.86,5.13,4.12,8.16,0,5.56,6.62,6.7,6.05,4.01,6.17,9.31,3.9,7.43,4.29,8.8,4,0,4.69,6.3,8.66,5.06,0,7.44,4.02,4.68,9.18,9.46,7.45,8.41,8.58,9.34,0,8.29,9.74,0,4.09,6.15,0,5.2,0,9.33,0,0,0,0,0,9.45,0,6.33,8.47,0,7.65,9.12,8.52,8.44,6.44,7.97,4.24,6.64,5.22,3.94,3.72
"Sox2",9.76,10.23,10.49,11.48,10.18,12.15,11.31,10.25,10.48,6.74,6.24,11.52,9.22,6.22,7.67,4.19,5.72,7.35,8.66,9.24,9.97,9.71,6.81,7.17,7.12,7.53,8.66,8.91,5.32,0,2.43,3.96,5.14,2.83,5.44,4.88,4.99,3.8,4.98,4.07,3.58,5.46,4.72,6.22,5.4,0,0,0,5.39,3.88,3.94,0,0,0,5.85,5.4,4.43,5.85,3.87,3.5,0,2.62,0,2.44,0,3.5,6.11,4.31,7.02,4.78,3.21,0,2.48,3.76,6.51,4.62,5.19,2.91,6,7.07,0,4.07,5.77,5.61,4.84,3.53,0,5.07,2.94,2.71,0,2.64,3.19,2.15,3,0,4.45,5.12,3.33,4.88,0,5.91,5.81,0.68,0,5.19,2.47,0,0,7.09,0,0,4.91,0,0,0,2.69,5.37,0,5.73,4.62,5.12,5.33,4.89,4.79,0,2.5,4.79,0,4.96,1,3.8,0,3.4,3.38,0,0,2.18,0,0,2.69,0,4.69,0,5.05,2.07,0,0,0,0,3.33,0,0,4.05,5.44,0,4.09,0,3.55,4.04,6.85,5.12,4.21,8.79,0,0,5.42,4.13,0,9.35,0,10.62,0,5.05,10.43,10.86,0,9.32,10.33,6.1,4.36,4.08,7.53,3.15,10,9.06,8.74,10.99,9.46,8.63,10.34,2.69,4.63,0,10.37,9.49,4.05,8.36,9.69,0,3.7,9.12,3.08,8.16,10.37,10.16,8.05,0,1.12,1.77,2.55,1.66,10.6,9.66,10.87,0,3.58,10.54,0,7.06,10.85,0,4.03,4.97,10.21,4.31,3.83,5.41,10.97,8,1.99,0,4.24,10.33,5.45,11.68,3.49,11.24,4.35,3.89,9.67,3.43,7.95,4.61,0,4.81,0,4.97,3.16,11.23,6.62,0,6.44,3.86,0,4.92,10.16,4.17,0,3.87,0,11.14,3.265,2.265,9.98,8.62,0,0,0,0,8.595,0,2.14,9.51,8.17,9.5,3.845,3.21,0.885000000000002,0,8.135,9.38,0,0.969999999999999,1.75,10.61,1.51,4.81,10.84,5.24,0.440000000000001,5.27,0.690000000000001,0,0,4,0,0,3.44,3.76,0,0,1.08,2.14,10.84,10.43,0,0.899999999999999,6.98,0,2.68,0,0,0,3.27,0,0,1.39,0.57,0,1.24,3.41,11.02,7.53,6.61,7.21,0,4.51,3.57,0,0,0,2.61,0,3.37,6.02,0,5.19,5.87,4.45,1.7,0,0,0,0,3.63,6.49,4.62,5.5,4.9,0.449999999999999,0,0,0.600000000000001,3.71,6.58,4.02,4.85,0,4.58,5.19,0,0,3.36,11.23,7.24,9.97,6.79,5.18,3.44,6.13,3.84,9.66,10.29,0.629999999999999,2.13,0,0,0,3.67,2.89,4.54,0,4.57,3.38,2.54,0,0,6.61,3.7,0,4,6.12,1.78,11.3,0,0,6.74,4.95,4.32,9.86,0,3.29,3.6,2.72,3.71,4.65,5.11,5.47,10.55,3.32,6.37,3.39,0,4.71,4.76,0,5.24,4.59,11.47,11.58,12.18,11.57,12.09,4.65,11.09,0,4.03,10.39,2.91,4.35,0,3.5,9.63,6.15,0,3.28,4.29,0.41,2.77
"Sall4",14.06,14.46,14.5,14.78,14.59,15.34,15.24,15.4,14.63,12.31,11.89,11.58,11.1,11.2,11.68,10.56,11.85,11.33,11.38,10.73,11.8,10.8,11.25,11.41,11.55,11.29,11.33,11.25,10.4,10.12,10.5,10.45,10.93,10.06,10.52,10.8,10.13,10.17,10.02,9.95,9.96,9.84,10.88,10.24,10.15,10.79,10.45,11.33,11.62,10.77,11.31,8.93,10.68,9.48,10.31,10.28,10.73,10.78,11.52,6.97,10.42,10.77,10.86,10.63,10.17,8.57,10.68,11.45,11.21,11.21,11.07,11.09,9.51,6.84,11.13,9.32,9.1,11.46,11.44,11.37,11.13,11.24,11.17,11.29,10.7,10.95,10.89,11.17,10.36,11.64,11.33,11.16,11.65,10.75,10.83,8.54,10.79,10.8,11.35,11.41,10.99,11.45,11.36,12.09,11.92,11.5,11.85,11.54,11.65,11.16,11.28,9.23,11.16,10,11.08,11.92,11.41,10.86,11.07,10.04,11.7,11.67,11.4,10.43,11.43,10.83,11.5,11.46,10.25,10.72,10.46,11.32,11.24,10.88,10.66,9.46,11.29,10.13,10.24,10.62,11.29,11.23,11.09,10.75,11.54,11.42,10.9,11.23,10.82,10.53,9.97,10.35,10.63,11.06,10.81,10.94,10.28,11.14,10.19,10.55,9.6,11.1,11.39,9.63,10.88,10.25,10.97,10.73,10.89,10.53,10.04,9.34,9.06,9.56,9.53,9.8,9.08,10.21,8.98,10.51,8.75,9.73,9.06,10.18,10.11,8.86,10.51,9.35,8.65,10.38,9.02,9.82,9.91,9.91,10.35,8.57,9.03,9.32,9.49,8.6,9.08,9.45,9.31,8.1,10.26,10.44,9.81,9.55,8.22,9.65,9.75,9.3,9.63,9.92,9.66,10.49,9.06,9.38,9.52,9.96,8.36,7.77,10.79,9.74,8.22,9.48,8.3,9.31,9.53,10.68,7.19,10.08,10.4,8.76,9.32,9.81,8.94,8.53,8.25,7.43,8.56,10,6.64,7.01,8.06,8.52,9.89,7.92,8.58,7.22,9.43,9.99,9.04,9.56,9.51,8.04,9.71,6.6,6.8,8.34,8.76,10.075,11.08,9.375,8.12,8.425,9.995,8.675,9.45,9.37,7.18,8.88,8.2,7.11,7.975,6.805,8.625,7.645,7.255,7.04,8.475,7.57,6.335,10.01,8.22,9.38,10.01,9.91,9.8,9.78,8.93,9.78,8.39,9.51,8.49,10.98,8.61,8.83,9.29,9.19,8.45,8,7.15,9.56,9.33,9.08,8.87,6.92,9.61,9,8.92,10.34,7.76,7.55,8.39,8.86,0,9.49,9.85,8.93,9.4,8.29,9.91,9.28,9.96,9.19,6.96,8.54,8.06,8.12,8.94,9.49,10.21,9.55,10.01,10.97,9.35,9.6,9.56,9.81,10.05,9.59,9.36,9.71,9.7,7.91,10.25,8.19,7.38,9.17,8.65,8.27,7.09,9.1,8.85,9.41,9.3,9.16,8.12,9.43,10.36,8.27,8.45,9.57,8.18,8.6,8.49,8.84,9.16,8.73,9.13,8.29,7.84,8.97,8.06,8.33,8.49,7.87,7.05,8.28,9.56,8.79,9.06,9.02,9.56,9.12,7.97,8.46,10,7.97,10.25,9.21,10.22,8.08,8.75,8.5,8.93,11.02,8.72,8.5,9.53,6.81,9.18,10.3,9.92,8.85,9.87,9.36,10,8.97,10.16,10.13,8.8,8.47,8.64,9.22,7.49,5.73,10.14,10.58,9.32,9.72,9.65,10.35,9.51,8.33,8,10.06,9.61,9.98,10.61,10.29,10.16,8.55,8.95,8.38,7.89,8.98,6.68,7.03
"Sox17",4.16,3,0,0,3.74,4.84,3.23,3.45,4.35,5.09,3.63,0,5.57,5.02,4.75,5.1,3.15,5.05,4.73,5.63,4.47,5.26,5.47,4.47,5.74,3.6,5.27,4.89,4.94,0,5.55,4.9,5.47,4.44,4.8,5.8,3.13,2.82,3.92,4.36,5.61,4.68,4.76,0,6.23,3.45,6.31,5.84,5.84,4.69,2.49,5.41,4.53,5.03,5.72,5.8,6.43,6.06,3.9,4.5,6.75,4.98,6.69,6.3,4.78,6.24,4.98,4.93,4.01,5.82,5.68,4.69,5.03,5.56,4.61,3.84,6.3,5.32,4.53,5.4,5.28,0,5.17,0,5.02,0,5.26,4.58,3.71,5.14,4.3,7.02,5.44,3.58,4.06,5.82,3.45,5.26,4.09,4.9,5.24,5.48,5.03,3.67,6.47,5.22,6.2,6.28,5.78,3.25,5.31,6.21,5.18,4.79,4.33,3.91,7.24,6.62,6.31,3.95,5.61,5.9,6.08,4.01,3.54,5.9,5.62,5.06,3.07,6.48,2.86,3.6,5.48,4.12,6.35,6.36,6.38,4.93,3.88,3.76,5.7,5.56,6.37,5.86,6.13,5.69,6.82,6.98,4.79,4.7,5.19,6.43,4.79,0,5.59,5.72,5.87,6.48,5.63,5.15,6.28,3.7,6.91,6.69,7.1,5.83,4.46,5.08,5.18,5.83,4.5,6.63,5.38,5.08,3.71,8.29,6.45,2.92,6.34,9.7,5.73,5.11,6.73,6.58,7.62,8.08,9.95,4.37,7.08,7.31,6.45,5.2,6.05,5.34,5.01,4.8,5.29,5.32,8.38,4.97,6.18,4.28,5.5,6.99,4.71,6.33,8.09,6.08,6.19,5.91,5,6.05,3.88,3.78,7.74,3.54,5.54,7.22,8.72,9.52,4.85,5.6,4.85,5.21,4.89,5.21,4.76,6.73,5.76,9.27,6.71,6.05,6.08,4.59,5.86,5.68,4.14,6.03,6.16,3.98,5.77,6.1,5.61,0,6.39,6.5,6.2,8.57,0,5.69,5.01,4.3,6.35,4.44,4.18,4.52,6.57,6.98,4.15,6.19,5.51,4.76,4.89,6.215,5.36,5.66,6.1,5.95,6.715,6.095,3.21,6.14,6.385,5.465,6.14,5.71,5.255,6,6.35,4.485,5.49,4.585,5.415,7.04,5.39,4.29,7.58,8.86,3.28,7.81,4.09,8.18,6.15,5.89,3.1,7.54,5.8,5.87,5.64,5.06,5.52,5.07,3.81,6.92,5.11,5.13,5.21,4.67,6.48,4.61,5.48,5.21,5.77,5.56,6.67,6.55,5.16,5.13,0,4.59,6.35,4.71,6.77,5.73,4.4,7.07,4.82,6.99,4.5,6.04,3.3,4.25,5.18,6,6.45,8.95,6.67,9.06,8.1,4.88,6.95,6.71,6.62,5.81,6,4.47,8.1,7.02,6.56,3.47,5.37,4.76,5.69,7.06,3.77,5.35,4.98,5.72,5.58,5.06,8.52,6.16,6.38,6.14,5.47,8.16,8.05,6.81,8.18,4.84,8.37,4.63,6.12,6.16,4.13,4.32,4.49,6.5,5.53,7.28,5.91,5.47,7.02,6.55,8.17,6.95,3.11,5.65,8.61,5.22,7.3,0,9.88,5.93,10.74,6.18,6.58,8.79,6.59,9.79,6.01,4.91,5.16,8.5,7.74,5.39,8.42,7.21,6.97,0,8.46,7.87,3.64,4.38,5.82,4.7,9.06,6.25,8.56,4.78,5.11,5.96,7.77,0,7.31,10.7,5.84,7.04,5.43,8.54,9.13,7.74,8.09,6.98,5.4,6.2,3.43,5.85,2.85,6.27
"Snail",11.67,11.87,12.1,11.84,11.85,12.76,13.14,12.6,12.12,12.7,12.55,11.44,11.28,12.31,12.47,12.03,12.78,12.51,12.23,13.19,12.86,12.85,12.72,12.69,12.22,11.83,12,11.75,9.5,7.94,9.12,10.52,11.13,9.73,10.71,8.74,8.62,9.5,9.23,8.67,10.61,9.79,10.28,9.65,9.08,9.85,9.03,10.11,9.7,8.3,8.57,0,7.19,6.91,9.11,6.5,8.6,6.03,8.05,7.26,7.15,5.98,0,6.26,7.95,6.11,8.44,8.83,8.42,9.82,9.81,9.48,6.21,2.75,9.09,7.35,3.54,8.79,10.24,9.21,8.18,10.7,8.8,8.25,10.32,10.52,7.69,8.94,7.24,8.64,5.51,5.89,3.27,8.71,8.09,4.18,9.34,7.13,5.98,7.41,6.03,5.57,3.82,7.27,7.7,3.27,7.95,7.66,8.52,7.01,5.44,0,4.3,0,0,6.67,7.18,5.85,5.78,4.72,8.7,6.53,5.28,4.03,3.59,3.83,6.32,3.02,4.24,5.75,4.03,6.5,6.82,0,4.52,2.86,4.56,0,0,4.58,0,5.95,4.92,8.39,9.11,7.42,5.93,5.51,5.06,0,6.52,4.11,5.17,3.71,5.91,5.24,7.16,5.82,5.92,7.14,4.64,7.34,8.45,7.48,8.18,4.32,7.69,7.54,6.29,10,5.62,7.92,0,0,0,7.64,0,9.28,8.58,9.4,0,0,6.85,0,8.96,8.2,10.06,4.97,7.6,9.18,7.44,5.23,5.2,0,8,8.49,0,4.46,9.5,5.68,0,8.21,0,5.97,8.09,8.97,8.25,0,2.71,0,3.2,0,7.13,6.83,8.03,0,0,0,8.37,4.43,0,0,2.45,6.38,5.68,0,0,4.79,8.41,8.26,0,0,5.07,4.61,4.92,8.69,0,0,0,3.79,7.44,0,0,0,0,7.99,0,8.89,0,0,4.33,0,0,0,0,0,7.88,0,0,0,0,5.61,0,0,6.62,5.08,3.92,5.025,0,0,4.265,0,0,4.19,0,0,0,0,0,0,3.94,2,0,7.71,0,3.15,7.89,7.62,0,6.56,0,7.17,0,6.75,0,4.69,3.85,0,0,0,0,0,0,7.75,5.02,3.67,0,0,6.57,0,0,0,0,0,0,0,0,0,0,0,0,0,6.3,6.28,4.68,8.48,0,0,0,0,0,3.15,0,0,0,6.12,0,8.75,5.27,0,0,0,0,0,0,0,4.96,1.45,0,0,0,0,0,0,0,0,0,0,0,0,7.92,0,0,0,0,6.44,5.74,0,5.22,0,7.12,0,6.47,0,0,0,0,0,0,0,3.93,0,0,0,0,0,0,0,4.71,0,9.07,0,7.2,0,4.73,0,0,8.17,0,0,2.52,0,0,7.25,8.28,0,6.78,7.18,7.89,0,6.94,5.27,0,0,0,0,0,0,6.5,0,0,4.17,5.14,0,6.55,4.59,4.31,8.13,0,7.85,3.71,6.73,6.05,5.38,5.82,0,0,0,0,0
"Sox13",5.46,7.34,7.68,0,7.85,5.73,6.95,5.85,4.68,9.08,9.01,6.01,8.23,8.7,9.11,4.1,9.28,8.02,8.91,8.38,9.02,8.92,8.9,9.04,8.13,7.78,8.19,7.22,4.03,5.63,7.69,6.75,7.53,5.06,5.46,5.87,5.44,5.69,7.14,6.2,6.29,6.76,7.99,8.17,6.82,8.01,7.34,7.58,5.68,6.42,5.84,5.03,0,4.66,7.95,5.04,7.87,6.17,7.26,5.71,6.41,6.65,5.33,8.26,8.13,0,7.47,7.64,7.53,8.08,8.68,6.49,7.2,0,5.42,0,5.24,7.12,7.57,6.56,6.58,5.97,6.4,6.43,7.85,7.46,7.59,8.86,6.02,7.56,8.8,7.33,8.05,7.59,8.29,5.1,6.73,7.42,5.47,7.03,6.68,7.32,0,7.25,5.47,7.8,8.12,7.94,6.84,6.77,6.71,0,5.87,5.51,5.41,6.4,8.47,6.95,7.26,6.05,6.33,7.72,5.29,6.96,6.06,6.13,6.09,7.42,7.05,6.51,6.35,7.82,6.07,0,5.87,4.87,6.83,2,7.64,6.46,4.43,5.43,6.74,6.93,0,6.73,6.65,4.46,5.48,5.84,5.89,1.07,5.22,0,7.25,6.34,5.4,0,7.41,8.69,7.23,0,8.83,5.25,6.6,6.84,0,7.53,7.44,6.58,7.03,5.81,6.95,6.23,0,0,6.55,5.74,7.8,6.45,5.5,7.84,0,6.64,0,7.42,7.61,6.79,0,0,5.01,7.96,5.65,7.11,8.58,5.34,7.08,7.13,5.73,3.72,8.38,5.89,6.75,5.36,6.25,7.24,5.32,6.85,8.31,8.36,8.53,5.52,4.81,7.07,0,8.54,6.28,0,3.46,0,6.17,3.59,4.61,7.79,0,5.78,5.38,6.13,0,4.85,5.21,6.51,5.45,0,0,5.31,3.62,0,4.79,6.97,4.46,6.52,0,5.77,6.29,4.81,1.77,0,5.82,0,6.08,7.53,6.46,5.73,6,6.12,4.58,0,7.04,5.82,5.11,7.02,8.63,6.825,0,0,7.555,7.895,8.275,7.5,0,5.465,5.97,0,0,0,7.385,7.45,0,4.915,5.375,0,6.205,5.11,0,6.91,3.8,4.44,5.26,4.29,4.56,0,0,4.38,4.3,4.76,7.27,5.38,0,5.84,6.7,7.18,4.7,0,0,0,4.27,0,3.03,0,5.96,5.79,0,4.08,2.79,3.52,2.88,4.08,4.48,5.63,7.22,6.35,1.22,0,0,0,6.83,5.63,0,0,5.37,6.04,7.28,7.75,7.07,5.38,6.98,0,4.07,4.77,7.07,7.3,6.2,7.18,7.24,6.6,0,0,5.75,7.07,0,6.5,5.57,6.88,6.46,0,5.1,6.25,5.5,7.31,0,2.47,6.26,0,6.06,0,0,0,6.05,6.32,5.28,6.28,5.46,2.85,6.27,5.71,5.76,0,6.96,5.82,5.84,0,5.3,7.05,7.49,5.32,4.68,5.93,0,6.33,6.78,4.18,5.94,4.95,0,5.4,4.8,5.49,4.69,6.34,5.94,5.73,0,5.78,0,7.26,5.06,0,0,0,0,0,0,2.14,4.68,6.3,0,5.69,4.7,7.44,6.09,4.86,4.48,6.79,0,3.73,0,0,0,2.23,0,0,5.94,4.27,0,5.86,5.72,6.58,4.78,0
"Tcfap2a",5.18,1.67,5.07,0,3.68,4.48,5.02,3.34,0,5.21,3.1,5.02,5.54,6.15,1.38,6.23,3.15,6,5.35,0,5.77,5.35,5.01,0,5.05,0,4.3,0,3.43,3.92,5.97,5.2,0,3.17,4.19,5.93,4.57,3.86,3.06,0,3.1,4.15,0,4.03,0,4.68,4.26,0,6.72,5.56,5.96,0,4.68,0,5.7,3.5,0,0,0,0,5.29,0,0,0,0,0,0,6.07,4.79,0,5.66,5.23,0,0,6.08,0,0,4.94,0,0,0,5.4,7.37,4.69,1.63,0,2.72,5.35,0,4.5,0,0,6.42,5.32,3.06,0,0,0,3.16,0,0,5.31,0,4.38,4.69,4.21,2.56,0,0,4.47,0,5.52,5.13,5.45,0,0,0.0100000000000016,3.3,0,0,4.4,2.98,4.5,0,5.09,0,0,6.01,0,0,0,5.48,2.63,0,3.06,2.81,0,0,5.06,0,3.3,0,0,0,4.57,6.18,0,0,0,0,6.52,0,0,0,0,0,0,5.86,0,0,0,0,0,0,1.85,5.18,0,3.61,5.85,5.6,10.09,5.18,8.14,8.81,5.82,0,7.1,0,5.13,0,5.85,9.58,0,9.42,0,0,0,0,0,0,0,8.37,7.47,9.03,0,0,8.84,6.28,0,7.81,8.34,0,7.88,6.12,4.59,5.57,5.31,9.19,7.48,7.52,7.48,7.41,0,0,0,9.35,7.82,0,5.12,0,4.59,8.01,10.1,9.66,3.55,7.85,8.72,0,5.6,0,7.3,8.85,9.76,0,0,6.18,8.88,5.94,5.2,1.73,4.13,8.74,0,7.8,7.14,0,7.26,0,5.61,0,8.34,7.7,6.84,6.32,6.53,7.49,5.41,6.3,5.24,6.25,6.18,5.235,9.055,8.135,6.33,3.68,6.79,6.585,7.34,8.23,6.37,7.925,7.77,5.995,6.28,5.94,7.44,5.005,6.23,5.35,5.73,6.765,6.905,5.85,7.7,3.7,2.94,3.38,3.39,6.25,6.41,5.03,7.27,4.16,5.42,5.3,6.61,4.85,7.23,7.88,6.88,5.66,6.44,4.38,0,0,5.44,5.98,0,7.17,6.54,6.52,3.61,4.8,7.63,6.19,3.16,8.45,8.1,5.79,5.7,7.07,0,0,6.95,4.99,5.2,6.03,7.32,6.52,7.94,7.71,8.73,8.6,7.78,3.49,6.66,0,4.95,7.47,8.46,7.4,7.76,7.65,6.49,7.64,5.61,3.75,7.89,8.02,6.01,5.11,5.69,5.61,7.27,4.85,7.05,7.8,6.8,7.56,3.39,5.48,6.97,7.73,0,0,0,0,0,5.9,0,5.91,0,0,6.36,7.18,6.27,2.11,0.719999999999999,0,6.92,7.95,7.61,6.68,5.62,6.32,6.28,2.52,3.45,6.01,0,7.33,3.74,7.24,0,4.66,5.5,0,6.57,6.04,6.95,4.66,6.96,0,0,6.72,0,0,6.4,0,4.4,0,7.6,7.42,8.03,7.13,4.82,0,0,0,0,0,0,0,0,1.59,0,0,0,0,0,0,0,5.14,0,7.86,7.31,7.03,7.15,6.02
"Tcfap2c",11.74,11.86,12.53,12.15,11.95,12,11.94,12.12,12.4,11.46,10.71,9.66,9.21,10.5,10.83,9.22,11.26,10.8,10.74,10.48,11.1,11.22,10.89,10.65,10.75,11.06,10.01,10.06,10.52,9.9,10.59,10.65,10.65,10.21,10.38,10.31,9.48,9.66,9.34,9.91,10.05,9.43,9.54,10.5,10.19,10.61,10.66,10.85,10.9,10.5,10.84,9.27,9.89,9.51,9.56,9.73,10.35,10.71,11.14,8.53,10.2,10.48,10.69,10.54,9.93,9.24,9.58,10.06,10.54,10.42,10.64,10.31,9.72,9.11,10.5,9.26,8.88,10.28,10.82,10.47,10.68,10.66,10.48,10.17,9.95,10.8,10.49,10.57,9.88,10.4,10.65,10.41,10.33,10.15,10.45,8.62,10.02,9.84,10.76,10.61,10.25,10.7,10.37,11.02,10.88,10.79,10.84,11.31,10.99,10.98,9.59,9.49,10.14,10.34,10.23,10.53,11.25,10.45,10.68,10.04,10.78,10.57,10.15,9.95,10.14,10.4,10.75,10.4,10.11,10.23,9.83,10.72,10.73,10.24,9.53,8.92,10.14,9.87,9.87,9.68,10.22,10.51,10.53,11.05,11.01,10.98,10.2,10.59,9.31,10.77,9.74,10.19,10.22,10.2,10.13,10.38,10.01,10.57,10.56,10.33,10.01,10.77,10.88,10.15,10.6,10.41,10.26,10.52,10.29,10.01,9.25,8.67,9.49,9.62,9.21,8.98,8.97,9.11,8.84,8.91,8.5,9.42,7.94,9.56,9.12,9.22,9.21,8.65,9.74,8.38,8.89,9.31,9.05,10.2,9.53,8.69,9.11,9.77,8.86,10.4,9.84,8.49,8.55,8.49,9.26,9.94,9.24,9.33,9.44,10.17,10.06,9.38,8.51,8.48,8.8,9.7,9.07,9.85,9.41,9.06,8.71,9.28,10.23,10.72,9.58,10.31,9.71,10.03,9.72,8.81,9.64,9.52,9.92,10.02,9.26,10.67,10.03,9.36,10.53,9.94,9.4,9.64,8.86,9.55,9.04,9.3,10.33,9.57,9.95,9.27,9.32,9.96,9.52,11.9,10.64,9.23,11.29,10.34,10.12,10.07,10.3,10.055,9.985,8.4,8.185,8.035,9.295,8.555,9.27,9.06,8.21,8.035,8.13,8.02,8.125,7.53,8.065,8.035,8.375,7.87,7.675,7.385,7.385,7.32,9.34,7.3,7.6,7.75,7.38,7.8,8.95,7.84,8.7,7.52,8.77,7.8,7.93,8.82,7.97,8.83,8.66,7.77,8.18,7.65,7.78,7.84,7.45,9.12,7.54,9.15,9.05,8.73,8.71,8.96,8.08,8.55,7.42,9.75,9.06,8.36,9.17,8.78,8.22,7.71,8.46,6.52,7.51,7.39,8.19,7.6,7.24,8.57,8.77,7.61,7.68,7.1,8.02,7.32,7.06,8.56,9.13,7.44,7.55,8.3,8.38,8.39,7.29,7.59,9.01,8.02,8.15,8.04,7.53,7.63,7.77,7.73,7.9,8.06,8.36,9.14,7.35,7.88,8.53,8.45,7.64,7,6.75,6.96,6.73,8.25,7.75,8.29,7.76,7.61,8.2,8.92,9.01,8.19,9.2,7.99,8.43,8.6,9.61,8.89,8.63,8.82,7.26,8.12,7.21,7.17,7.75,9.56,7.11,8.7,7.24,8.31,9.11,7.74,8.56,8.88,8.45,6.48,8.53,6.7,7.02,7.81,6.5,6.42,7.75,7.64,7.63,7.7,9.04,8.22,8.55,9.24,8.28,9,7.66,7.11,6.06,7.1,6.94,7.79,7.5,6.4,7.26,7.19,7.13,7.13,6.33,6.79,6.98,5.7,0,8.57,7.71,9.38,7.33,8.5
"Tcf23",0,0,0,0,0,0,0,0,0,0,0,0,0,0,0,3.63,0,4.06,2.73,1.69,0,0,5.39,5.29,5.82,4.39,0,4.72,0,3.57,0,5.15,0,5.47,0,4.17,6.24,4.32,7.23,3.2,3.5,6.6,6.7,8.24,6.99,8.23,7.55,4.7,5.68,4.55,7.72,5.04,4.46,0,6.31,6.58,6.58,0,0,0,5.51,3.4,5.06,5.69,6.08,3.27,5.02,5.52,6.05,6.23,6.53,5.36,5.19,0,8.31,6.11,5.41,7.84,5.64,7.02,7.96,7.02,7.36,7.37,6.12,7,6.1,5.59,6.4,6.72,5.52,3.43,5.54,5.74,5.14,0,7.11,0,5.36,5.91,0,4.29,3.42,3.75,4.4,0,6.34,4.28,4.76,6.8,0,0,4.77,0,0,6.15,6.52,6.34,6.76,0,6.4,3.15,6.23,0,5.68,5.42,6.66,0,5.21,0,0,3.56,0,3.96,0,0,0,0,3.39,2.21,4.14,0,0,5.74,4.9,4.16,0,0,3.58,4.08,4.28,3.57,0,3.65,0,3.89,3.4,0,5.38,5.56,4.69,3.66,4.86,5.11,3.12,0,6.43,5.83,4.86,4.52,0,5.64,0,0,3.58,7.09,3.4,5.27,5.03,6.25,0,0,5.94,4.2,7.33,6.55,7.29,3.35,5.04,7.63,7.82,0,0,0,7.03,0,0,3.23,7.08,0,4.71,5.55,0,4.57,6.51,4.08,4.26,0,0,3.48,3.44,0,4.66,5.59,4.94,3.84,0,6.41,5.95,0,3.6,3.79,0,0,5.18,6.88,4.65,5.31,6.17,7.31,0,0,4.96,6.02,6.49,8.83,0,0,3.07,0,4.47,0,0,5.02,3.3,6.8,0,6.14,3.22,4.7,0,2.26,0,3.67,2.79,0,6.61,0,0,0,0,7.725,6.925,0,6.405,4.42,4.545,0,4.12,3.045,3.79,3.845,0,5.86,6.245,5.35,2.675,0,0,0,6,6.7,3.675,6.67,0,0,0,6.32,5.37,6.64,0,4.89,3.06,6.54,0,7.21,0,0,0,0,0,0,0,7.01,2.04,3.84,0,0,6.48,0,0,0,0,0,0,0,0,0,0,0,0,0,0,6.49,6.84,6.03,0,0,0,0,0,0,0,3.49,0,6.17,0,6.49,2.7,0,0,0,0,0,4.23,0,4.82,7.02,0,0,0,0,0,0,0,0,0,0,3.61,0,6.27,0,0,0,5.29,6.73,7.45,6.06,6.03,0,7.49,0,6.37,4.6,0,0,0,0,0,0,0,0,0,0,0,0,0,0,7.07,0,5.44,0,7.09,0,7.14,0,0,5.6,0,0,0,0,0,5.2,7.55,0,6.26,6.7,6.56,0,6.36,7.34,0,0,0,0,0,0,6.79,5.86,0,0,0,0,7.35,0,0,5.82,0,5.88,3.6,5.68,7.5,5.31,5.33,0,0,0,0,0
"Utf1",0,0,0,0,0,0,0,0,0,0,4.3,0,0,2.76,0,0,1.14,0,0,3.96,0,0,0,0,4.66,4.04,0,4.04,0,0,0,0,1.72,0,4.87,0,0,4.06,3.52,0,2.15,0,4.64,4.55,2.19,4.3,0,3.3,0.609999999999999,0,4.3,0,3.49,4.13,0,4.21,4.54,4.83,2.72,0,0,4.64,3.78,3.21,5.65,3.12,0,0.27,5.89,7.98,7.07,7.03,0,0,6.58,0,0,1.38,4.19,6.45,6,7.1,7.04,4.32,6.59,7.8,6.03,5.58,5.82,6.86,6.51,6,6.45,7.04,6.3,6.23,7.77,8.16,6.85,8.37,6.01,8.37,6.37,9.24,8.5,8.22,8.56,9.01,7.96,7.5,8.18,5.39,8.15,8.05,8.01,7.93,9.65,7.45,8.16,7.72,5.9,7.05,7.46,6.63,9.02,5.11,8.07,7.05,7.18,8.32,7.15,8.32,7.17,7.21,6.59,6.85,8.65,6.84,7.09,7.7,6.81,7.4,7.42,8.2,6.88,6.45,7.82,7.19,7.65,6.93,5.07,5.23,6.29,8.04,6.84,7.59,7.15,6.18,5.71,7.35,5.44,5.55,6.42,5.63,7.75,6.35,7.69,5.72,7.3,6.2,3.57,8.99,0,0,8.05,8.22,3.53,8.83,9.51,7.01,0,5.29,8.21,7,8.9,9.08,7.23,8.73,7.9,7.9,9.15,1.75,5.69,6.67,8.28,7.3,0,7.02,7.79,4.54,6.12,9.4,1.44,7.89,9.74,8.71,8.98,4.33,3.36,0,5.37,6.31,9.45,8.96,8.5,5.94,4.86,8.92,7.87,8.64,9.07,4.16,5.95,6.93,8.73,0,5.44,7.02,8.72,7.17,0,0,4.88,8.74,7.49,10.51,4.96,8.82,7.03,5.62,3.98,5.61,7.25,5.11,3.47,9.62,3.01,7.33,4.39,8.39,4.87,7.27,5.15,4.68,4.91,5.63,8.06,0.98,1.25,4.66,4.29,6.71,3.56,0,6.225,0,5.39,3.8,4.29,0,6.44,0,0,5.22,7.37,5.745,0,0,0,0,4.045,6.34,2.68,5.09,0,4.49,2.67,6.17,7.64,5.55,0,3.68,0,4.34,0,3.34,0,0,0,0,3.48,0,0,5.52,6.64,7.08,4.26,4.15,4.26,0,0.289999999999999,4.26,0,0,0,0,0,0,0,0,0,0.48,8.43,1.42,4.77,5.01,0,3.12,0,0,0,0,0,0,2.49,5.16,3.47,7.32,6.74,3.77,0,5.07,4.6,3.11,4.1,0,5.83,5.41,0,4.25,1.74,0,3.1,4.85,0,3.15,4.53,3.36,4.53,0,5.83,0,3.73,4.3,7.22,7.33,4.41,2.64,5.41,2.54,5.05,5.93,6.42,7.51,0,5.27,0,3.24,3.41,5.55,5.77,0,2.99,0,0,5.89,3.48,5.16,7.02,4.78,5.75,0,1.97,0,8.65,3.9,2.97,7.71,1.23,4.79,0,0,0,7.4,7.88,0,7.59,5.63,6.83,7.33,7.65,7.29,0,0,0,0,0,0,7.02,8.22,7.68,8.22,8.11,8.18,7.1,6.42,5.09,5.45,8.15,7.17,6.07,5.75,5.58,7.22,5.39,0,0,0,0,0
"Tspan8",9.47,9.71,9.08,8.75,9.23,9.21,9.56,9.59,9.1,8.69,7.01,6.85,6.22,7.85,8.17,7.8,7.66,7.36,8.68,9.04,8.38,7.7,8.01,7.36,7.52,8.26,8.78,8.85,7.03,5.52,6.45,7.18,5.86,5.51,6.44,6.87,6.35,6.91,5.58,6.75,6.27,6.93,6.91,6.97,6.56,5.95,6.75,6.58,7.66,4.89,7.26,3.33,6.01,4.55,5.01,5.34,6.24,4.97,6.03,4.62,5.5,6.28,5.53,6.46,5.67,3.35,3.53,5.45,5.51,5.62,2.92,4.51,3.23,2.59,6.23,3.28,0,5.59,4.9,6.47,6.9,5.3,6.94,6.92,6.78,5.45,5.77,6.74,4.74,5.01,5.66,4.09,5.83,4.34,4.33,4.13,4.31,4.01,5.14,3.85,0,4.49,5.52,5.08,2.48,4.93,2.66,4.29,2.71,0.0799999999999983,4.26,6.17,5.27,3.41,3,4.44,1.6,0,4.89,4.7,4.1,3.8,5.5,3.6,5.6,5.2,4.04,4.16,0,5.45,2.18,2.98,4.11,5.23,3.86,4.4,6.06,2.58,4.97,4.65,4.07,0,5.79,0,3.74,5.3,2.53,4.5,3.94,5.11,0,4.79,4.8,6.34,5.18,2.94,5.27,4.71,4.85,5.17,5.69,5.26,4.2,5.05,5.96,5.52,3.91,4.9,4.19,6.05,8.23,5.5,8.62,9.74,0,3.9,8.67,0,0,0,8.34,8.55,3.3,10.19,1.47,4.49,0,3.52,0,1.89,0,9.44,7.83,6.71,0,0.899999999999999,5.08,1.83,0,8.25,10.1,2.11,6.57,2.67,4.01,0,0,9.41,8.5,8.56,8.3,8.85,1.59,2.98,0,7.9,7.88,0,0,2.85,0,6.9,9.31,9.34,0,7.61,7.03,0,0,0,7.13,11.33,10.48,0,0,0,9.19,0,9.02,6.97,0,7.41,2.97,6.7,7.85,0,7.22,0.949999999999999,6.35,0,8.28,4.67,6.09,9.11,8.82,7.89,0,5.21,8.39,6.21,6.95,2.44,11.095,9.395,2.605,0,6.865,5.94,8.04,9.87,0,8.21,10.05,3.71,0,0,9.615,6.58,5.365,8.94,3.23,0,8.72,0,9.58,1.61,0,0,4.99,0,8.5,0,8.51,0,8.76,0,6.96,7.03,10.07,5.15,8.38,8.47,9.07,3.09,1.67,0,8.62,7.14,0,10.01,10.9,9.62,7.56,9.94,10.48,9.28,7.02,12.04,10.78,9.34,8.84,9.43,4.69,1.85,0,3.59,7.31,7.41,10.94,10.83,11.5,12.3,10.79,9.04,8.96,1.56,9.15,4.78,2.87,11.36,12.01,10.76,10.89,8.72,10.55,10.2,3.56,0,12.97,11.58,10.65,10.82,9.61,9.87,11.48,6.87,9.07,8.82,8.34,9.58,0,7.77,9.15,9.12,2.74,0,5.58,5.62,0,8.54,3.56,9.76,2.77,0,10.66,11.24,10.32,9.34,10.73,9.07,10.19,11.98,11.14,9.36,9.98,10.3,9.57,9.97,0.850000000000001,10.81,0,11.37,0,11.32,2.83,10.71,11.51,1.62,12.02,13.06,11.37,11.08,9.39,0,0,8.55,0,0,0,0,3.63,1.01,11.92,10.95,10.93,11.72,5.88,9.1,5.09,3.5,0,2.14,0,4.37,3.46,5.01,0,0,0,0,0,0,0,4.11,0,9.87,9.97,10.27,9.13,9.53
