"","GSM734540","GSM734541","GSM734542","GSM734543","GSM734544","GSM734545","GSM734546","GSM734547","GSM734548","GSM734549","GSM734550","GSM734551","GSM734552","GSM734553","GSM734554","GSM734555","GSM734556","GSM734557","GSM734558","GSM734559","GSM734560","GSM734561","GSM734562","GSM734563","GSM734564","GSM734565","GSM734566","GSM734567","GSM734568","GSM734569","GSM734570","GSM734571","GSM734572","GSM734573","GSM734574","GSM734575","GSM734576","GSM734577","GSM734578","GSM734579","GSM734580","GSM734581","GSM734582","GSM734583","GSM734584","GSM734585","GSM734586","GSM734587"
"CATMA1a00350",9.710897182,9.832589512,9.884594977,9.945774681,9.877853101,10.2024633,9.840158667,10.08884718,9.810454829,9.180297668,8.563987414,8.699412896,8.17787222,8.147021191,8.613554801,8.587857813,8.178450681,8.765038918,8.260152065,9.061737572,7.980802935,8.604973696,8.613994629,7.878298533,9.719310266,10.31638907,10.00642272,10.16817514,10.31339069,10.47957747,10.04784274,10.58666816,10.23542321,10.20380306,9.517066269,9.432325795,9.91836229,9.569570684,10.11793143,10.06695265,10.02132482,10.37754246,9.791147186,10.41125143,10.19870494,10.01874952,10.03490731,9.88439715
"CATMA1a00725",12.08829663,12.45256863,12.8080974,12.90571954,12.74929398,12.90297254,12.97629051,12.69403589,13.25955772,12.80145313,13.54988739,12.97714192,13.89385453,14.73708072,14.62332761,14.66936134,14.80702938,13.8308117,14.22007014,14.15101582,13.67340625,13.85283398,13.41582181,13.55656859,11.88402391,11.75851618,12.54743093,12.46242093,12.93532017,12.05132155,12.06883326,12.73039299,12.81932541,11.92732892,12.15779453,12.12714101,12.46406885,12.72195305,12.43650104,12.67051105,12.38351686,12.08456318,12.54423997,12.71111969,12.80384332,12.61303971,12.2774743,12.11531633
"CATMA1a00790",6.852163608,6.556422557,5.563840619,5.361027679,5.634317118,7.145823518,5.293818662,6.482772773,6.372674088,5.784951387,5.45717468,6.923722664,5.975970906,6.552420957,6.408499013,5.75183188,6.424627818,6.931872338,5.291560822,6.161164545,6.177830386,6.846154179,6.833599818,6.340552321,5.367093162,5.136072984,5.973626783,5.126827503,5.953937509,4.67603128,6.13083123,6.739981147,5.852235698,4.906744323,6.558209838,5.870646513,5.9283111,6.917519214,5.716545981,6.410615233,6.574702184,6.308653785,6.397053808,6.673807669,4.963004919,5.639636745,5.738830229,5.041593512
"CATMA1a02710",9.362606881,9.646484932,8.855507659,8.812352032,8.742347925,9.077515471,9.166194662,9.859782224,9.956077417,9.171174919,10.66472372,11.39778425,11.97526585,12.40335985,11.99235741,12.45413799,12.54174739,11.72692974,12.51735157,12.25779929,11.77619586,11.9633624,12.24837949,12.46134286,9.486260069,8.462781539,9.168630978,8.697674946,9.005901505,9.143116382,8.957207387,9.049040427,9.404983507,8.738542743,9.727884527,9.099041323,9.537986328,9.266850192,9.053680687,8.886858453,9.312501476,9.417783783,10.18712381,9.768929681,9.97047024,9.063829398,9.036554018,9.740411964
"CATMA1a05095",7.895252993,8.104989983,7.441709832,7.813740897,7.869875115,7.599805598,7.838487268,7.913709514,7.438729916,7.879662788,7.859483206,8.679365766,8.014735014,8.383140548,7.882209708,7.89339747,8.260202359,8.112756067,7.736282753,8.286980938,8.432765633,8.209931992,8.26241888,8.718876538,8.069341114,8.073948289,7.84388573,8.049991954,8.497439345,7.844707581,8.212251776,7.832551238,8.002748996,7.954147496,7.937299238,8.506363068,8.260209041,7.585040741,7.99998146,7.979035013,8.282804511,8.069738055,8.14788378,7.997745344,8.299932714,8.232949141,8.108523526,8.110180041
"CATMA1a05200",7.392269675,8.860618574,8.407620185,7.558526323,8.403316498,8.316227443,9.027104143,8.624349254,9.81305363,9.064421352,10.68415751,10.44064701,11.86575988,11.69380624,11.36608955,11.36136656,11.05693992,11.22802691,11.22617937,10.89781807,10.18256532,9.980421647,10.93072476,10.62073062,7.730345693,7.824227104,8.707693431,7.657933764,7.530161364,8.395526161,8.302759436,8.489673508,8.742022362,7.366365794,8.999839584,9.546157565,9.655339657,10.39412291,9.401901975,9.810002434,9.374018592,10.36933626,9.623311928,9.480614323,9.069073282,9.613203614,8.642331431,9.351830691
"CATMA1a05220",7.502496154,7.600797117,8.006628179,8.312832642,7.971205197,7.924247,8.07233649,8.143383016,8.287564727,8.523113296,8.948410693,9.015378819,9.992354903,10.40767351,10.47595809,10.27849291,10.22192374,9.804745233,10.1813603,9.627718844,9.342102481,9.792316038,9.469273851,9.253248476,7.474439319,7.855961612,7.742957374,7.941092768,8.05682761,7.970021982,8.025904112,8.017939068,7.973772284,7.931831615,8.493619398,8.681156667,9.157424855,9.51235217,9.008391474,9.156628334,9.287957629,9.312652463,9.291977642,9.163114598,9.055025776,9.332207338,8.751493775,9.233085186
"CATMA1a06705",11.93316048,12.13681879,11.82990469,12.04505063,11.50660754,11.86736866,11.75408379,11.39650995,11.06190715,11.44199724,11.75538678,11.62893478,11.31038518,11.7841029,11.67413713,12.17438074,12.10884843,11.88465052,12.2354511,12.15878906,11.64659082,11.50528788,11.74647693,11.98984312,11.94760399,11.87176367,11.69334317,11.40632363,11.63551752,11.73688578,11.57970304,11.1819647,11.11993621,11.4048943,10.73168365,11.6568312,11.41883617,11.63969956,12.0189528,11.9277189,11.84036331,11.62341027,11.93209279,11.85619082,11.26281822,11.48686558,11.56359269,11.77886639
"CATMA1a07860",10.2311833,9.634144302,10.08745081,10.0666866,10.17424021,10.59343471,9.914212327,9.660611667,10.11387515,9.708034429,9.198649071,8.858668743,8.558691669,8.273770635,8.026045276,8.247058585,8.249333469,8.57015323,8.167412238,8.432747381,8.043006802,8.398552331,8.484604653,8.285311792,9.879066095,10.58317851,10.60711523,10.7288549,10.00168362,10.45983501,10.59268976,10.81009753,10.44532843,10.66362419,10.0029106,9.34955046,9.267816522,9.376130931,9.773550425,9.652227449,9.684160974,9.730557595,9.859282134,9.535786897,9.455080799,9.942100251,9.617411882,9.329253128
"CATMA1a08395",11.44006468,11.28355844,11.338045,11.23705437,11.03059768,11.1125062,11.39882421,11.62215976,11.48877051,11.68397031,11.65145377,11.44209452,10.55456333,10.85750072,11.21663786,11.59632988,11.56858638,11.67609471,11.72511708,11.34935329,10.99851084,11.32778138,10.81078938,10.76936751,11.66228399,11.45986437,11.46292681,11.23492712,11.76998071,11.06722562,11.15026385,11.17036859,11.57672571,11.40679501,11.96170487,12.11939477,12.32979197,11.60072563,12.05776883,12.11071962,12.34091417,11.75003954,12.05007158,12.10713051,11.91069028,11.56364038,12.18858975,11.84867782
"CATMA1a12280",14.27256617,13.70130681,13.60294675,13.67563699,13.38749698,13.06794168,13.15385872,13.69500063,13.12852131,13.30820007,13.27705052,13.42736414,12.37112114,11.43743691,11.60736869,11.4079979,11.73290208,11.80074398,11.47156116,11.77134221,11.78481696,11.84715674,11.84572058,12.53263474,14.0985605,14.18274348,13.58839059,13.87079731,13.44622866,13.07167439,13.30639639,13.41459351,13.24783309,13.57491047,14.10318647,14.20776606,14.41974812,14.54070991,14.28183629,14.14149091,13.95604732,13.42867284,13.52367636,13.55668396,13.36669727,13.73186471,13.70614466,14.42324958
"CATMA1a12920",10.43608276,10.17636328,10.32686675,10.05034923,10.43085378,10.28137791,10.47834485,10.47216255,10.62102674,9.840270116,9.83358864,9.719007239,10.07101933,10.12937265,10.14584218,9.931063807,9.583762813,10.069903,9.687784946,9.622546726,9.416534626,9.084868058,9.24800253,8.766049256,10.52558949,10.56606845,10.31541365,10.29227818,10.71228493,10.53196984,10.31203187,10.4288482,10.49487016,9.871637988,9.860305339,10.10127032,10.17493418,10.09553999,10.05014166,10.14936478,9.815317812,10.21986295,10.25065225,10.20784564,10.50287163,9.871630496,9.94588576,9.615756325
"CATMA1a15390",9.395645992,9.664568295,9.551753943,9.860005761,10.16918736,9.269094731,9.696857923,10.15975088,9.89468172,10.13893029,9.317571843,9.463657137,8.600978879,8.097792429,8.34030418,7.745059991,8.20901258,8.974052666,8.498982748,8.477320519,8.530395659,8.658676814,8.799630885,8.79063278,9.824147266,9.640113462,9.435196453,10.09334424,9.609955485,9.655729547,9.64624438,10.07880164,9.89165636,10.45974724,10.51585237,10.32646313,10.45177942,10.06917465,10.00844799,9.936280665,10.04836752,9.723619914,9.789258288,9.95303984,9.674480562,10.00989122,10.05631065,10.42085058
"CATMA1a16410",6.414910539,5.405915779,5.538533526,6.369623007,5.722485748,6.348328301,5.424188772,6.156374873,6.070669747,6.54054709,6.514586266,7.070185879,7.631023271,7.647451136,7.225457733,7.176693501,5.869101132,6.177538746,6.030737073,5.589587868,6.519522201,6.79329906,6.709235631,6.469016832,6.466330257,7.138464931,6.350028235,5.951960566,5.878677677,4.761619429,6.097231728,6.071689103,5.032057414,6.354322565,6.326788533,5.983226678,6.664696429,5.829705914,6.606359021,6.300614932,5.870163743,5.688327623,5.354264189,6.018933684,5.807665869,6.713991154,6.736219574,6.510398694
"CATMA1a16465",13.92085095,12.72701326,12.35401173,11.91711609,11.96923998,11.59797136,11.57543586,11.77221703,11.81809261,12.6125556,12.77329564,12.93024675,13.91580626,13.68657699,13.49022489,13.33129862,13.16541078,12.80219694,12.83872024,12.61264791,12.78690963,12.72281394,13.15534031,12.69733943,13.57229981,12.91138359,12.55076499,11.86393341,12.69003314,11.57789338,11.73153454,11.52781894,11.27085332,12.02229086,11.80497705,12.20449728,11.81078393,12.30326049,12.11863879,11.92553959,11.54575123,11.48466995,11.99101036,11.59509153,11.55755775,11.70575049,11.71422347,11.92838299
"CATMA1a17310",9.458354939,8.907147811,8.665228053,8.677098065,8.660040907,8.537994164,8.821892604,9.111762771,8.91484419,8.995170193,9.639542295,9.960975465,10.95762012,11.15667212,10.88061895,10.34709727,10.9293313,10.69153994,10.99719989,11.2036819,10.84462345,10.85775666,11.04973437,10.71545632,9.066961256,8.589824561,8.478993515,8.169695314,9.030212288,8.753845114,8.567442916,8.782850911,8.379599041,8.800507563,8.347794325,8.59897584,8.195875333,8.685144919,8.500401094,8.423551239,8.418188553,8.700629588,9.066178274,8.889059277,8.956136822,8.684056413,8.548177057,8.420192348
"CATMA1a17615",8.219016846,8.66374761,8.354265694,8.312404169,8.393873333,8.788856853,8.678804607,8.503986786,9.787833792,9.172997626,10.61923287,10.78204644,11.7028125,10.85157717,10.44738053,10.03877607,9.840213973,10.16323755,10.0584039,10.01399498,9.666227638,9.477599391,9.89503312,9.673772212,7.854457974,8.075247387,8.229094252,7.961361065,8.718038371,8.641576555,8.384478954,8.73269547,8.66265884,8.240035221,9.037987291,9.435135921,9.709001214,8.880980873,8.520577171,8.47619625,8.453696395,9.375020115,8.97565012,9.140144587,8.193421804,8.44447797,8.022031713,8.613604461
"CATMA1a18220",11.91588666,10.81167269,10.20720622,9.857168975,10.03585523,9.60932342,10.01976379,10.3967915,10.92039591,10.80983792,11.70275816,11.70017969,13.28180712,13.04634661,12.53207974,12.10207391,12.12854637,11.98059831,11.91497402,11.64473119,11.42515572,11.48292435,11.99032167,11.47928831,11.69144877,10.77658753,10.29667328,9.519784329,10.80797247,9.590796072,9.266944243,9.691645733,9.542620849,9.428092414,9.527833144,10.29072455,10.5149368,10.95231678,10.09884664,10.08078528,10.01024416,10.04984202,9.911283594,9.61498548,9.902755035,9.927983685,9.482258166,10.01609513
"CATMA1a21215",12.50326749,12.42964286,12.18851548,12.08991546,11.82123625,11.18069896,11.15074804,11.0956571,10.68559798,11.40673624,11.82583252,12.09478819,12.0604363,11.38343068,11.23935081,10.18253861,10.48769898,10.41870651,10.06784605,9.536810355,9.355189104,9.748538107,10.19427598,10.77138843,12.7234971,12.61730948,12.40694601,12.19481533,12.32588819,11.37181952,11.31214929,10.85971661,10.7999808,11.82180663,12.10209718,12.76982032,12.81156799,12.25876238,12.2857832,11.87582822,11.51817115,11.1645549,11.19603449,10.71226841,11.08945154,10.92675994,12.01918268,12.58638409
"CATMA1a31015",13.77168687,13.04321153,13.29959776,13.07029041,13.08907008,12.30704151,12.46898022,12.42279099,12.3129857,13.14842055,12.92563464,13.0123555,13.06778493,12.66880657,12.61590976,12.22012423,12.33928062,12.47608826,12.35851871,12.35446929,12.33876415,12.63679056,12.40283191,12.48783258,13.67322035,13.86531931,13.38425452,13.10459351,13.75520807,12.30150702,12.21948516,12.27045283,12.02838104,12.87544355,12.63104133,12.82805823,12.48231759,13.0386339,12.94214397,12.81850183,12.52693471,12.06324104,12.44964178,12.38852526,12.62847879,13.0783115,12.65888985,12.86281213
"CATMA1a40805",10.26562171,9.953461714,9.671028064,9.599714095,9.540623646,9.404210977,9.194498965,9.258268307,8.989169646,8.168925572,9.186748594,9.481184315,8.633158913,8.343979143,8.264236172,8.300932433,7.921005155,8.290629991,6.842941937,7.278646293,6.625230314,6.73741661,7.494667565,8.611208217,10.56948901,10.61172697,10.08296675,9.967548616,10.22624647,10.24737859,9.761631369,9.477793439,9.590853702,9.234325845,10.26536743,10.70597926,10.83408512,10.02153195,9.978617976,9.758299919,9.87341792,9.358111195,9.773519472,9.098682953,9.165171628,9.152257946,9.407058911,10.47385717
"CATMA1a43920",11.70789319,10.66907029,10.58150257,10.40506184,9.834934059,9.044634959,9.498190286,9.272205304,9.70813195,10.43124889,11.69981348,12.08338785,13.01299757,13.34755564,12.98283896,13.12167951,13.02429072,12.18429599,13.02199749,12.61611243,12.08783579,12.19769795,12.23440114,12.49507219,11.17971915,10.10791998,10.37663263,9.164688014,10.85151802,8.276242594,8.672376571,8.482770229,8.911173892,8.853000335,9.994591091,10.48087816,10.79389435,11.11234109,10.47975125,10.3557937,9.779180842,9.254809526,9.709021032,9.452634557,9.711994236,9.826880652,10.02368043,10.23398665
"CATMA1a46055",9.215708936,8.615469015,8.76398589,8.750120236,8.987190848,9.230386071,9.295026316,8.612735682,9.600481387,9.651196467,10.11570189,11.22878843,11.03173201,10.95316436,11.40475083,11.30924794,11.76827566,12.97635407,12.76499295,12.92430631,13.40766458,12.96172773,13.86914346,13.09044996,8.885909513,8.897590842,8.609235417,8.569879656,8.849178024,8.947124765,9.197546997,9.026929303,9.292974422,9.360661962,9.719010574,9.913635227,9.651784793,9.07462854,9.71316252,9.459688213,9.944216195,10.29913071,10.13447759,9.978441474,10.94918701,10.33429117,10.42405645,10.09131707
"CATMA1a47270",10.15236558,9.88729746,10.02618673,10.95480965,10.47059429,9.54981361,10.36715054,10.50447426,10.1417765,10.80713326,10.02464225,9.802214095,8.712356955,8.592792086,9.16989312,9.612324982,9.02842905,9.358713716,8.868359197,9.270525608,9.04507367,9.350943721,9.261975508,9.200579078,10.24423035,10.02329844,10.30860663,10.9094913,10.89849788,10.04129472,10.32202531,10.44559799,10.40633207,10.92818057,10.40077773,10.24484592,10.15903026,10.63848906,11.25419654,11.68396494,11.47293007,9.983101867,10.52291252,10.3998158,10.32836923,11.23759692,10.89276283,10.84883292
"CATMA1a51390",9.148314677,8.886181869,9.043607006,8.54887459,9.279158153,9.20798698,9.159208784,8.634099939,9.78717297,9.244496354,10.2489014,9.994258476,11.53942856,11.72823245,11.31508509,11.22604145,11.37562982,11.22422582,11.31717552,11.4053676,11.38953158,10.58660319,11.36832526,10.65540891,8.802425749,8.173827772,8.143621588,8.171141495,9.012537902,8.311740393,8.247135746,8.444707956,8.334604336,8.221728372,8.466292349,8.69154043,8.827006601,8.644556395,8.414879035,8.843561896,8.589441125,8.933834932,8.870350821,8.969777783,9.145716684,8.530022317,8.841535472,7.88145496
"CATMA1a53560",7.148529207,7.041277473,6.666004382,7.055151385,7.006628586,7.336984019,7.616678297,7.905898308,6.876687629,7.306599327,6.840691714,7.300756116,6.608921423,6.942036378,7.395197511,6.492398883,6.679267619,7.248625426,7.334055701,6.987472486,7.028210339,6.826329291,7.514916344,6.030961926,7.158024546,7.621299119,7.347787843,7.031924819,7.235563766,7.920502934,7.554690639,7.514896473,7.375490079,7.325349828,7.347036903,7.729814915,8.178730123,7.370945193,7.435027599,6.823845958,7.010714561,7.820667522,7.617597425,7.945332821,7.960815946,7.389281563,7.463459883,7.565281635
"CATMA1a53565",9.780396746,9.727992512,10.09450284,9.76403,9.770160463,9.754962877,9.617728843,9.095310649,9.690313076,9.910517119,9.845089533,10.00256381,10.04187342,9.916906721,9.717226074,9.2950867,9.62854563,9.826945141,9.548213334,9.831631045,10.03810185,10.06834614,9.947527224,10.00627443,9.797755435,9.633943669,10.16650122,9.985560618,10.13588089,9.738838387,9.774157094,9.999694766,9.76711583,9.67446869,10.16700755,9.900025814,10.30029964,9.725164027,9.872992294,9.890540443,9.630994534,9.967895119,9.684633406,9.99689626,9.931769636,9.972766652,9.860309582,9.772671884
"CATMA1a54343",8.314152133,7.974683034,9.046710554,10.39655538,10.70524628,9.486905654,9.305030014,9.652408004,8.696048003,9.026973771,7.986933517,7.279916907,6.501485743,7.167028124,7.458469855,8.455173183,8.362018562,7.886500212,8.157396993,7.680723866,7.149243916,8.333367102,7.66386805,7.342791466,7.926762585,8.936921451,9.244112554,11.02957442,10.33193484,9.506010538,10.01412492,9.743686075,8.909740939,9.506461877,8.746196882,7.878390574,8.179947521,7.569680985,9.589100431,10.94547334,11.22777602,9.01968916,9.163531549,8.363448706,8.71739968,9.762430149,10.1426279,9.08002443
"CATMA1a54346",8.190566664,8.10266094,8.638163113,9.166825161,9.451594189,8.796591859,8.63916873,8.677393721,8.257372343,8.865641897,8.16897235,8.066611847,7.824578826,7.690495996,7.644186001,7.887162266,7.467236273,7.578886647,8.056107892,7.805001545,7.779712218,8.130459112,7.754276985,7.682463062,8.314522381,8.372098726,8.720300776,9.512552224,9.265582009,8.600514307,8.681882871,8.841344004,8.64252893,8.967916438,8.502336305,8.221235346,8.255231788,8.27126584,8.755064083,9.494524341,9.216914181,8.530411626,8.268271162,8.153770474,8.312302894,9.015531936,8.960747778,8.579797318
"CATMA1a61750",11.54032113,10.8986344,10.51437948,10.4871976,10.7837497,10.29134296,10.45366222,11.05817108,11.14031929,11.71942533,12.85172739,13.33060006,13.87305435,13.92009726,13.58355639,13.33187817,13.44771258,13.01531508,13.50566749,13.13386712,13.14210978,12.83818903,13.53986904,13.19539184,11.07685813,10.56480598,10.35904749,10.15402732,11.06353108,10.14831892,10.11168715,9.862034757,9.700061452,10.13134664,9.979442115,10.7739908,9.93407162,10.5698855,10.19705886,10.41583607,9.756233903,9.986336316,10.70180426,9.933107103,10.21611208,10.0390019,10.08278257,10.31101243
"CATMA1a62725",7.366727735,7.884903845,7.686589245,7.589885941,7.566144737,7.480252178,7.722113795,7.564886084,7.725009615,7.547807615,7.973960348,8.001969344,8.500328832,8.622519937,8.489837725,9.130994754,8.743030324,8.641235697,9.305754467,9.375290365,9.530911219,9.208073286,9.734324885,9.197335169,7.184962407,7.526028767,7.5446339,7.486616887,7.187434834,7.308852482,7.093393292,7.081443008,7.830671364,7.579089015,7.70333097,7.234988153,7.231538146,7.683853145,7.296255441,7.61577345,7.800968711,7.520893489,7.815132477,7.889940721,7.74421064,7.792299507,8.010998983,7.666934211
"CATMA1a63980",9.385160359,9.362646841,8.731889288,8.220991013,8.83698761,8.672098939,9.334825487,10.01899879,10.36775088,10.46813926,11.84648538,11.85231866,13.14491395,13.13768519,13.04402586,12.16605296,12.77418467,11.92675197,11.6983145,11.53402639,11.4692355,11.62859748,12.03017819,11.73839068,8.643643527,8.760349907,8.487767359,8.230578726,9.138463495,8.758958187,8.005273005,8.727313831,8.95403869,8.365560789,9.033031445,9.363355432,9.822705935,10.05511527,9.714616536,9.488611457,9.443307374,9.540958411,9.605493045,9.097303413,9.685881406,9.881072728,9.644585374,10.29142997
"CATMA1a64075",11.33135656,10.588469,10.87960011,10.70956266,11.02707087,10.72942283,10.70442205,11.07231973,10.96401938,11.16245468,11.48135898,10.89399133,11.39309556,10.14051609,10.16897006,9.523580295,9.855255212,9.845993907,9.17942546,9.148068646,8.844015653,9.23188437,9.257531452,9.120847333,11.08344275,10.96485152,11.12172187,10.75724793,11.60563681,11.17757804,11.113143,11.00842323,10.85973574,11.98086025,11.35195152,11.45327803,11.04979938,10.49765051,10.67982856,10.43225869,10.08590237,10.68032675,10.65758674,10.51247889,10.78469632,10.62912817,11.0989897,10.9189532
"CATMA1a67475",13.54426436,14.07505657,14.06079181,14.32439195,14.03447052,14.06056748,14.05550727,14.30063069,13.83257465,14.00620006,14.4978313,14.29504885,14.48355412,15.30655654,15.38708148,14.91489741,15.51780016,15.10520228,15.12601938,15.29972903,14.86131101,14.9828799,14.98034065,15.02179024,13.4809325,13.58154705,13.84068575,14.04587761,14.054046,13.92215923,13.95002065,13.99581029,13.7287799,13.70721901,14.0588395,14.30894549,14.01720301,13.86817145,13.57703828,13.66159183,13.51799003,13.47633708,14.07892931,13.94153555,13.94610608,13.94628789,13.98745082,14.39185343
"CATMA1a70060",12.0867653,11.29187656,10.62324534,10.51571172,10.17951574,10.25281737,10.40682105,10.83696143,11.24381516,11.70510789,12.60312064,12.19483389,13.40218487,13.10798547,12.68766662,11.61578507,11.96540345,11.49929652,11.52468637,11.01120683,10.79930781,10.74914919,11.08627068,10.69670173,11.76697109,10.98286236,10.6509756,10.21636066,10.95027314,9.959932372,9.679256486,9.936644685,9.731096309,10.21603998,9.935230951,10.3204725,10.80857432,10.67910393,10.61776467,10.14917425,10.40904795,10.55775973,10.21279537,9.920741786,9.981841418,10.16493254,9.540333159,9.958792445
"CATMA1c71010",9.157468374,9.239560215,8.924519989,8.829069445,8.956398887,9.033160499,9.076898153,9.394197692,9.287688176,9.061871763,9.496402588,9.484444337,10.05685371,9.934977336,9.90674789,10.04374934,9.985492165,9.950279048,9.502518717,9.862850984,10.241678,9.711423117,10.08433739,10.14335386,8.974380855,9.124105018,8.76310998,8.784320138,8.76342312,9.01381487,8.969936679,8.983935199,8.937505573,9.006975868,8.919586464,8.999831104,9.072331585,8.976118375,9.011144724,8.555018867,8.889461815,9.008010353,9.271502541,9.073475265,9.293789027,9.165023686,9.186604338,9.234661678
"CATMA1c71257",9.75204322,9.570021871,8.906890565,9.302565111,9.439050689,9.383940377,9.328829727,10.31962515,10.16899293,9.602408483,10.81864448,11.91927984,11.81021475,12.20224283,12.61147327,12.76332796,13.14129178,12.27087544,12.84029639,12.72912839,12.45163908,12.69623492,12.37770917,12.17754867,9.111476941,9.242847693,8.930676047,8.828725922,9.336431618,8.954864004,8.896207234,8.981299257,8.850440746,9.049902516,8.782582312,9.272385775,8.750578602,9.03667342,9.409632789,8.98061734,8.681478324,9.011459147,9.793099578,8.732424031,9.486977981,8.933879701,8.929402545,9.109472359
"CATMA1c71258",9.257808327,9.850989237,9.544709755,9.878146145,9.843755657,9.60183391,9.566691651,10.1737466,9.645827152,9.780733978,10.00109203,10.4499652,10.04035722,10.98447702,11.13222332,11.97515695,12.41812892,11.79907188,11.92934398,11.86996297,11.46156075,11.59175669,11.0513131,11.02087384,8.943616811,9.342477831,9.358173726,9.422074759,9.36871993,9.447682682,9.236731597,9.40010253,9.127989398,9.353870536,9.561273756,9.609835496,9.15849543,9.211448491,9.377612327,9.26089218,9.179232758,9.468618503,9.575346416,9.301736191,9.468666683,9.287066948,9.178628088,9.312562383
"CATMA1c71260",7.808658033,8.137494906,7.336641507,7.125004849,7.323919611,7.609960384,7.113865432,7.52146478,7.166673235,7.575076266,6.854851945,7.780581496,8.573305678,8.127559666,8.152785658,7.709887808,7.133091888,7.508047715,7.261111841,7.466112259,7.415452389,7.791885432,7.319836932,7.260686436,7.519567993,7.21287499,6.656991644,7.021629915,7.436301364,6.826385414,6.647786052,6.862864382,6.850352867,6.882942228,6.505952334,6.90614911,6.379772848,7.223995311,7.406090694,6.656186788,7.239233149,7.123032875,6.6634814,6.181149827,6.719016038,7.364792832,7.395836587,6.350320207
"CATMA1c71262",6.791002213,7.493798143,7.498777376,7.324623093,7.04592102,7.239031375,7.142476929,6.896385718,7.140010454,7.044004439,6.798039435,7.195419048,7.401839489,7.570111196,7.281104557,7.342259434,7.523105036,6.95413728,6.286651322,7.007518935,7.532096322,7.256778644,7.892437414,7.843215388,7.607618893,7.178435757,6.758423495,7.011684841,7.312083893,7.302721698,7.176775746,6.964951609,7.232384378,6.755654707,6.769489686,6.75704425,7.576133161,7.329826566,7.3694187,7.898393374,7.374112414,7.518457804,6.031266105,7.180109937,7.101407231,7.751002825,7.47115126,7.483112681
"CATMA1c71573",10.16444983,10.14277309,10.31738823,10.07755704,10.32045386,10.45069004,10.41142927,10.17249031,10.49020723,10.35851035,10.50471646,10.06771978,10.28545682,10.51370669,10.68916364,10.4336465,10.67472569,10.5351126,10.23974007,10.39697319,10.51667564,10.22901803,10.40252283,10.42745008,9.791125873,10.07356685,10.01704487,9.797521743,10.41283002,10.09264756,10.19055126,10.03559578,10.18995063,10.34664495,10.03427034,10.19328783,9.779415254,9.824430573,10.12703445,9.931044397,9.810989681,9.937464601,10.10238562,9.973105115,10.1097635,9.832188004,10.2805496,9.946659381
"CATMA1c71720",7.558189078,7.887419087,8.231732293,7.774305839,7.752299573,7.891696057,7.843868674,7.155452404,6.953878822,6.826712099,7.716049503,7.217319577,7.137777719,7.455541963,6.995878357,6.662093611,7.380283278,7.190191758,7.611119346,6.782545328,7.006708998,6.416895755,6.407376173,6.760696215,8.104756042,8.470953826,8.3238413,8.002596552,8.125360923,8.18085853,8.059983152,7.665696587,7.370893953,7.344577376,7.77538141,8.818119807,8.729279999,8.106555516,8.367766734,7.547197493,7.997462826,8.197822892,7.800033464,8.012670805,7.852082252,7.720645893,7.537133905,8.275738867
"CATMA1c72152",6.938069739,6.791230542,7.297688072,7.093537118,7.170351463,5.94475596,6.118251842,7.705645156,7.80569184,7.953196293,8.873129941,8.81417844,9.714923878,9.779891176,9.709179823,9.224703429,9.467931967,9.128407668,8.83130936,8.721919664,8.389655329,8.603738325,8.834370897,8.496905104,6.882800575,6.729178131,6.967624062,6.388600846,7.25822222,5.588595936,5.753937122,6.826604228,6.969291042,6.769897504,7.200252971,7.591574322,6.691440425,7.620042928,7.414611908,6.48643868,6.915582826,7.30019506,7.020883259,7.215954755,6.946022929,7.284249,7.268372219,7.754981723
"CATMA1c72251",10.88067402,9.795734982,9.188140188,9.022899331,8.974118556,9.14074445,9.329026933,9.773864659,10.16170552,10.46879001,11.69321892,11.18389291,12.73422238,12.1220834,11.71912887,10.66767066,10.87642492,10.3766756,10.02910594,9.778649323,9.660643441,9.687864402,9.910733541,9.317698054,10.59137591,9.738413854,9.419110619,8.588513335,9.796983937,8.875009159,8.603430963,8.639347092,8.402256594,8.840487101,8.807373637,9.114550826,9.65253927,9.403732902,9.352525515,8.972639774,9.203501398,9.311612287,9.211225354,8.850691383,8.820150677,8.868540231,8.48750484,8.641053555
"CATMA2a02260",11.55353636,11.43582215,11.51022334,11.14340424,11.40505592,11.25211595,11.06925584,11.17748435,10.58466754,10.60959723,10.25602148,9.960973084,9.516655023,9.163997414,9.329711749,9.187299961,8.939017006,9.455805274,9.325386219,8.819835231,8.116900337,8.775620231,8.436069614,8.93131833,11.83495339,12.27396785,11.84973428,11.81814272,11.745634,11.94603184,11.55465081,11.29219012,11.00419511,11.53021816,11.52778117,11.20852258,11.69662994,11.15155544,11.32355003,11.28617995,11.11704715,11.24165657,11.1383664,10.809777,10.93967593,10.64950984,11.10807274,11.44499679
"CATMA2a12440",9.04324314,9.392825735,10.08561253,9.977270786,10.29213391,10.59732507,10.29243965,10.11887641,10.77817228,10.93596744,10.6850964,10.33731612,10.39391269,9.236852342,9.26626426,9.82325019,9.846069498,9.914364847,9.445660078,9.979623613,9.841711776,9.603646004,9.733239228,10.74829534,9.403251967,9.492076762,10.19199977,10.04438585,9.686963992,10.33160645,10.67322534,10.57026869,10.7594911,10.0739463,10.90554983,10.89215431,10.53388431,11.2123434,10.77705751,11.17935123,10.84561379,11.19320661,10.71514709,11.05224462,10.75137489,11.06520912,10.53548,11.42710015
"CATMA2a23310",11.81740029,12.13045356,12.47641139,12.54233097,12.35462299,11.42461261,11.75986229,12.38846398,12.17779336,12.32439407,10.93022999,10.5687658,9.639525021,9.440306785,9.71220596,9.60329393,9.242240282,9.832515727,9.563234574,9.410840357,9.267597366,9.910920753,9.511219909,9.396947725,12.2591013,12.3524021,12.79408898,12.73186936,12.17814751,11.88322318,12.15079432,11.88200339,11.99049169,12.41938608,12.18546444,11.53207489,11.59901699,11.17228906,11.29069056,12.26839211,11.80600285,11.3858987,11.44553389,11.47138697,11.47072744,11.37640858,11.43525304,11.60231649
"CATMA2a27810",12.68384892,12.66004024,12.43465249,12.453566,12.27633082,12.47021832,12.67432682,13.00428542,12.68550973,12.38163608,12.57039655,12.92802386,13.25441195,13.6963855,13.71183036,14.07132035,14.09594182,13.73515516,13.98557846,13.99879489,13.63424502,13.70183181,13.59824395,13.78007292,12.41556235,12.13353527,12.24344266,12.06025421,12.37898835,12.1907828,12.39395342,12.41050037,12.43502225,12.16430266,12.08876758,12.27517451,12.61613521,12.865587,12.54362303,12.67370901,12.71393706,12.26866739,12.75221305,12.5096411,12.56825793,12.2446579,12.15298756,12.28113767
"CATMA2a29435",7.187818266,7.139733699,7.612968131,7.5427515,7.034101683,7.300645956,7.779885219,7.424858029,7.898397123,8.336955471,9.332027867,9.043530594,10.17301278,9.873369467,9.888592676,10.34292959,9.348060859,8.623793804,9.272657223,8.806496543,8.633599808,8.515421087,8.571897857,8.642388024,7.083215641,6.88688517,7.32064533,7.011536907,7.228324641,7.120015802,6.832634422,6.922065402,7.183044783,7.220290211,7.294536367,7.842857603,7.16386664,7.520638081,7.82752632,7.700559985,7.80695778,7.43824372,7.219826325,7.270105555,7.314821683,7.466698047,7.59217097,7.757957289
"CATMA2a32840",8.627631231,8.948066422,9.272886925,9.537606539,9.541258338,9.340488621,9.547271622,9.60550367,9.719529893,10.16674261,9.445014932,9.247888783,8.977438026,8.946962593,9.314678368,9.078117483,8.916161672,8.654425517,9.234871832,8.85531749,8.824697414,8.987236021,8.890676364,8.653079684,8.789501827,9.218641525,9.239615283,9.560332183,9.644029947,9.094308988,9.531902493,9.646231267,9.610141889,10.10418427,9.517394319,9.358810384,9.413010674,9.779105213,9.660184513,9.809113942,9.846891132,9.004497997,9.483998282,9.423641925,9.380763772,10.08382934,9.810958405,9.489446685
"CATMA2a36760",9.997981244,9.654539887,9.317610551,9.554791432,9.499608347,10.10855896,9.978151175,10.37861552,11.2916808,11.03862505,12.04852657,11.89716726,12.99725198,12.85996307,12.11841611,11.61256165,11.61259802,11.18612699,12.02085916,11.378175,11.26528285,10.97446016,11.85812435,11.27143597,9.625245354,9.363620327,9.275691603,9.22879907,9.829813158,9.867079242,9.660984113,9.821498797,10.03596761,10.02906427,9.959835051,10.5755572,10.95977929,10.36842792,9.667205692,9.537862267,9.522143459,10.2003483,10.3050149,9.889997541,10.06003749,9.646127413,9.84498384,10.37053536
"CATMA2a37910",8.964414992,8.875305468,8.957627077,8.804520546,8.875039422,8.909376458,8.987307465,8.947403834,9.065697744,8.822195618,9.123530397,8.769211058,9.589500254,9.56133919,9.700973696,9.422954063,9.56761867,9.512572268,9.915862582,9.951870834,9.479436257,9.614130971,9.867268003,9.440768327,8.678542241,8.769977834,8.779043445,8.516654924,8.873139154,8.616072545,8.60241874,8.924708621,8.676665549,8.9777244,8.684183636,8.598798506,8.62716826,8.693422046,8.541377069,8.578465144,8.713611712,8.661104163,8.796657407,8.965366097,8.842414952,8.739143136,8.883837618,8.849323069
"CATMA2a38810",12.52905622,12.54804495,12.97382619,12.77152269,12.86223091,12.82135099,12.68967223,12.72517568,12.51369714,12.49319548,12.3279771,12.2635085,11.27353362,11.01023081,11.30247696,11.03324664,11.06582439,11.36144398,11.38748739,11.49824664,11.33285911,11.37151765,11.35010756,11.43923308,12.38436216,12.89827754,13.12591363,12.99812327,12.6419342,13.23118148,13.31454427,13.10890252,12.78323414,13.22690135,13.07249111,12.84160814,12.60101901,12.10634629,12.12468437,12.43531524,12.51361334,12.39125905,12.49142141,12.69848573,12.34140235,12.28506637,12.23394815,12.41645927
"CATMA2a42185",10.95297215,10.91871033,11.0416763,10.79066318,11.11996502,11.00730023,11.01786947,10.75466135,11.00846025,11.10071602,11.39024202,11.45405242,12.07407798,12.39583913,12.10608316,12.33771994,12.14684471,11.93723716,12.27106083,12.053609,12.2283613,12.05081793,12.24726331,12.31317266,10.94118799,10.56284164,10.77667214,10.82847925,10.73863231,10.73458856,10.62305042,10.84918722,10.81887806,10.69659533,10.73649588,11.02042228,10.81031307,10.91301478,10.79036581,11.17735945,10.93524281,10.94180024,10.97721679,11.29648524,11.34007397,11.08215141,10.96922912,10.97596594
"CATMA2a43430",8.800852456,8.391759442,8.551646331,8.270438484,8.442737364,8.384352797,8.588754708,8.416844782,8.273525524,9.110803234,8.190777097,8.633081028,8.327144425,7.876484875,7.831511858,7.956362746,7.671076894,8.290285545,8.049324554,8.099999803,7.964694486,8.279420113,7.822348208,6.694911456,8.736409109,9.305648229,8.715391053,8.174805078,8.716484946,8.844558213,8.966046662,8.717235249,8.642108097,9.016766619,8.440313391,9.009193375,9.121691631,8.739321725,9.055696257,8.515216548,8.780932289,8.738869573,8.753568924,8.640334631,8.93664364,8.714509413,9.145837073,8.612993964
"CATMA2a43610",8.416105647,9.323072539,8.920259537,8.809215965,9.02322293,8.999903086,9.397878664,9.528899052,10.55710787,10.20093074,11.71879231,11.67976358,12.99072745,13.45974252,13.01861315,13.02681428,13.31585369,12.73382407,13.79917122,13.72168155,13.82583952,12.37359752,14.00381695,13.60259913,8.279832512,8.341346513,8.255817413,8.007202313,7.928627547,8.393565431,8.503497386,8.647979244,8.576795984,8.756909709,9.276353813,9.24323909,8.949458897,9.275476194,8.797143204,9.226190558,9.09417619,9.303692378,9.864761384,9.393662607,9.94483801,9.374030958,9.27223347,9.302313872
"CATMA2a45275",6.782992967,6.645759835,6.963002228,6.986145278,7.574953777,7.727129977,9.232484875,8.632257072,9.757853413,9.108658141,7.586119247,7.058330575,7.133852301,7.172424599,6.817252867,7.06806397,6.894402783,7.65072367,7.329495434,8.046743778,7.739887243,8.396177759,6.8078691,7.055704422,7.894351327,7.05692569,6.586791685,7.542832754,7.464435837,7.681986766,8.546009617,9.950686065,10.16896636,9.189428834,7.265283698,7.26667462,7.526213322,7.632231085,5.837682282,7.054205658,7.585784988,7.520311072,7.831161108,8.976093249,9.319734553,9.46613985,8.641135907,7.430017697
"CATMA2a45630",10.77159139,10.82382513,10.36951595,10.68733405,10.39796531,10.06662496,10.25675801,10.95835924,11.02408987,11.04187359,12.27118458,12.61333521,13.31457412,14.31149125,14.71743848,14.3675604,14.51082783,13.84758304,14.56885141,14.39337386,14.18251734,14.26097787,14.06172751,14.21120547,10.34789361,10.10811013,10.09851236,9.625537587,10.51399635,9.300112075,9.515997814,9.382310887,10.0760465,9.42941728,10.4962785,10.43447803,10.51144208,10.82056961,10.19594083,10.02201833,10.03728398,9.931285166,11.0526918,10.42634107,11.27496262,10.05663775,10.27032943,10.41277807
"CATMA2c47176",12.07334812,11.92246886,11.87225107,12.21127767,12.96895881,10.7687904,11.45833978,11.96377497,10.70168169,11.7361617,11.87550401,12.35799142,13.0988024,14.00819568,14.19092098,14.39250658,14.39819734,14.22638408,14.45939518,14.12797702,14.17411634,14.70729714,14.38948292,14.44453404,11.17710703,11.9004066,12.17993234,11.4191069,12.00539937,11.30381291,10.30411859,11.34087463,10.28177848,11.00341904,10.78863413,10.14943376,12.01368157,11.97779001,11.83090211,11.74430017,11.49270679,11.89099664,12.15261718,11.59937816,11.5499436,11.83686081,11.75623481,12.59031532
"CATMA2c47370",10.28553255,9.964178953,9.767076732,9.454098687,9.763273886,10.58820236,10.53188275,11.06250664,11.02267479,10.38366853,10.84193402,10.22658191,9.486680648,9.440412676,9.489278424,9.095857168,8.693884029,8.65058506,8.588815363,8.880027712,8.555991239,9.044935271,8.886154767,8.066197341,10.20976691,10.02823692,9.56012781,9.876128981,9.989424887,10.96084418,11.02952491,11.16184941,11.25932472,11.3159721,11.41588234,10.64390862,9.623163905,8.863732903,8.570174751,8.775645045,9.133536735,9.99466243,9.736626598,10.38764129,10.14813015,9.699179538,9.483902421,9.741631379
"CATMA2c47487",7.411312121,7.779011287,7.228156007,7.706501818,7.646540646,7.676809901,8.200823978,7.71943659,7.829370009,8.148934384,9.048208564,9.005612628,10.07589384,10.60914045,10.85520114,10.62945152,10.92751873,10.44026331,10.48745887,10.77773223,10.59610003,10.36003718,10.39868908,10.02435198,7.105777775,7.248308996,6.937966245,7.124664918,7.676438365,7.145907969,7.349690395,7.666758582,7.679141175,7.09697865,7.512480188,7.541498592,6.628611459,8.071730834,7.947820254,7.664064918,7.466924037,7.720888078,6.985934108,7.529520063,7.904050008,7.451638942,7.689293858,7.354977156
"CATMA2c47651",9.110950609,9.086190628,9.1587109,8.98024428,9.211246475,9.414263048,9.302728949,8.700673892,9.7499615,9.544217117,9.563988899,9.162229579,10.00816492,9.206736454,9.176767998,8.604587891,8.790930737,9.054783801,8.234663218,8.343601527,8.945261512,8.022911419,8.800512359,8.363287076,8.837640356,9.138223278,9.427298106,9.447672438,9.647735198,9.300553786,9.538099934,9.465852578,9.579515654,9.519222801,9.36871742,9.107262618,9.228201932,9.169202654,9.392786838,9.394049525,8.909513995,9.110042961,9.024337661,9.065883875,9.61209227,9.158056617,9.589077985,9.085789833
"CATMA3a00650",9.73265457,9.840721579,9.656082834,9.510223592,9.528189471,9.84385413,9.740860833,9.584337005,9.990079496,9.705908255,10.5148114,10.41619337,11.2194066,11.13449958,11.03625464,11.16490621,11.08060811,11.03079984,11.68078388,11.64540744,11.85021244,10.84251608,11.63964177,11.28078682,9.638816189,9.54300596,9.393497212,9.377023884,9.469075055,9.350210125,9.400147865,9.449697446,9.578839537,9.528421418,9.582860822,9.714612946,9.749799071,9.989857753,9.714650028,9.493622093,9.390267096,9.584620286,9.779640963,9.715595731,10.04401812,9.370117708,9.677458125,9.478264186
"CATMA3a01140",9.190650619,9.152974083,8.951935764,8.937529727,9.041483119,9.18132555,9.002635435,8.916783209,9.385600605,8.790368119,8.994744975,9.173276054,9.53482194,9.471257445,9.570292879,9.68561083,9.719175793,9.560616906,9.343345887,9.758330389,9.690169542,8.942470244,9.300258244,9.363750277,9.290168514,8.883779779,9.148868686,9.067193988,9.115998973,9.375472069,8.802907588,8.891494734,9.234773177,8.935622245,8.593564784,8.488672683,8.28429008,8.802839496,8.945343428,8.833394348,8.727857219,8.925865252,8.915727749,9.042185045,9.202940427,8.797550001,8.609482907,8.576742209
"CATMA3a05630",6.983703157,7.900774755,7.880902692,7.772839484,7.360147683,7.650334818,7.312511361,7.790984701,7.448706031,7.797484443,8.380479068,8.222294946,9.391096057,9.103962999,9.330830102,8.751312146,9.607822068,9.436033633,8.554344559,8.797385304,9.044934996,8.620223094,9.277565889,8.9434818,7.840953649,7.65002049,8.096571885,7.85846169,7.851404444,7.503604005,7.819299629,7.170382292,7.367896978,7.711366945,7.490081561,7.677034735,7.934373032,8.254909423,7.646436785,7.279950803,7.362651637,7.868199221,6.929653471,7.527103095,6.977604748,7.617389497,7.635510144,8.056374846
"CATMA3a08130",9.289939479,9.285191122,9.288898752,8.969370042,8.869216684,8.759453513,8.910911234,9.893566414,9.501837645,9.487861267,9.365980565,9.605999193,9.572510302,10.3123078,10.2750152,10.27970641,10.60687178,10.06256801,10.5693429,10.3708105,10.47085931,10.53771691,10.69160142,10.46231599,8.860701139,9.095686618,9.274425282,9.035488372,9.215079803,8.927749585,9.000709399,9.01706529,9.360887005,9.055788707,9.202815825,8.869559144,8.911748363,9.395981164,9.120117259,9.014391663,9.125116875,9.288199015,9.718676346,9.176773937,9.614358746,9.428777883,9.183238532,9.594641027
"CATMA3a10755",12.39833654,12.32206207,12.40201145,12.27087869,12.3832846,12.60277322,12.12697495,11.98081073,12.66939008,12.7519856,13.63528294,13.74673949,14.37546652,14.09192139,13.73059765,13.56669723,13.65316686,13.47504366,13.37417122,13.36104125,13.64947271,13.21658519,13.81928844,13.50673689,12.32559793,11.85175252,12.16616808,12.11480985,12.3572312,12.0298307,11.91127009,12.15384453,12.13239087,11.71559201,12.30730702,12.74914486,12.98929751,12.94066666,12.15934853,12.56710288,12.31279167,13.11554205,12.65792502,12.75137681,12.55666109,12.37302666,12.2413909,12.34490721
"CATMA3a12510",9.693629569,9.652863723,9.225359114,9.27500744,9.420896371,9.301557946,9.2096544,9.355503951,8.926153884,9.088411454,9.241229107,10.12553308,10.40073642,10.56369893,10.64020942,9.687750354,10.21136741,9.822679939,10.42533677,10.11579719,9.945774435,10.05971143,10.3887227,10.17562148,9.553382671,9.493288188,9.412321269,9.004119441,9.60475158,9.550665529,9.407824156,8.984617784,8.778732542,9.203282969,9.001596872,9.520812214,9.21484853,9.591489999,9.597355347,8.957327128,8.785369414,8.793251297,9.474261528,8.990077994,8.988411118,8.78372197,9.040745422,9.535427527
"CATMA3a13510",11.41553589,11.25264747,11.45773185,11.12295755,11.24414079,11.33871339,11.55846964,11.37565299,11.81815618,11.3497734,10.92752668,11.11004796,10.80740533,10.88786567,10.91454344,10.61660375,10.90481885,11.32202712,11.05884661,11.06034899,10.92140145,10.60741691,11.04927456,10.59450232,11.59796354,11.46614749,11.58250452,11.57493694,11.2164791,11.79118641,11.63781367,11.87210981,11.91421118,11.33245403,11.68582556,11.64118505,11.75459426,11.77127924,11.58361783,11.72528263,11.6685902,12.08292289,11.74323241,12.01708716,11.9341294,11.32664177,11.48399086,11.39161076
"CATMA3a14290",11.63037667,10.94228091,11.21151026,11.04645774,11.29242747,11.42059173,11.14875826,10.77231375,10.84016569,11.19346418,10.93386772,10.8244097,9.910337214,9.505403465,9.795215426,9.24796748,9.36442497,9.43699162,9.742559591,9.58239687,9.467745531,9.284809775,9.897788308,10.16448184,11.50195015,11.48624317,11.50350503,11.62857976,11.35519795,11.56539355,11.75538978,11.81535602,11.13242391,11.99870088,11.73637711,11.80639583,11.28929516,10.95512243,10.97826744,10.59541177,10.50285669,10.77222915,10.81236333,10.89705674,10.71151117,11.01584964,11.26783181,11.41100281
"CATMA3a14565",11.28212808,11.57969095,11.50589796,11.38070904,11.37412915,11.24922433,11.48332607,11.41135359,12.05330285,11.86084306,12.74529866,12.40977014,13.85301955,13.5205211,13.23966992,13.69554035,13.09812984,12.78130171,13.24272521,12.73629679,12.5599853,12.29306689,12.69652392,12.52533224,11.37320917,10.77272573,11.25590954,10.97670605,11.30337633,10.51510646,10.62587355,10.99382971,11.01975482,10.61807816,11.09041967,11.2218574,11.29690967,11.25987098,10.71016267,11.27934221,10.82712397,11.06216239,11.11545129,11.0164514,11.22070833,10.9629592,10.8860144,11.00248076
"CATMA3a14910",8.609151231,8.055708409,8.025445479,8.130661329,8.270692457,7.670366085,8.733079947,9.001831852,9.735504467,9.463617368,11.32615178,12.3497294,14.19149137,14.11412012,14.27374627,14.30226745,13.97120091,13.50603423,14.2849664,14.21867527,13.70963007,13.75571064,13.8660425,13.65617442,8.068398597,7.640555767,7.718457433,7.330608539,8.139518965,7.70169519,7.10599576,7.500292879,8.138462476,7.48606974,8.19176209,8.699395264,9.309088576,9.765140654,8.753025597,8.637355642,8.921399138,9.409032561,9.662805492,9.196434557,9.554714161,8.655609105,8.699071561,9.125443968
"CATMA3a16510",14.42079625,13.87361442,13.9347086,13.8854493,13.73512537,13.5555136,13.58744217,13.82958237,13.43432949,13.87280699,14.42537936,14.31322189,14.95784081,15.11234646,14.74270941,15.10721801,14.92420683,14.60798292,14.94295275,14.93528661,15.0404729,15.0525518,14.71385119,14.75978277,14.24999882,13.42814102,13.71869587,13.45257255,13.93245512,13.08864628,13.12603379,13.25933085,13.04049194,12.97330996,13.22250714,13.94182473,14.02287188,13.90562669,13.72767174,13.62128098,13.62716078,13.59575019,13.73446129,13.8100208,13.68685241,13.49055659,13.50597461,13.59071376
"CATMA3a18300",11.5195702,11.68983622,11.59432299,11.49018047,11.61402979,11.56577077,11.47222432,11.34590581,11.61422126,11.44947412,12.08300676,12.17492125,12.78815212,12.98339585,12.50461457,12.81424474,12.50613503,12.27511064,12.75961764,12.50775482,12.67866114,12.35897747,12.64016356,12.72654135,11.49774979,11.03443615,11.41891325,11.40878041,11.28768995,11.02384774,11.00394071,10.99598345,11.05623698,10.71203443,11.22676169,11.46150554,11.68016959,11.97563005,11.47916635,11.49325824,11.37539813,11.33047382,11.3873634,11.48627613,11.55251351,11.26764022,11.42947189,11.42018098
"CATMA3a19200",8.905024818,8.983438274,9.459938224,9.60210729,9.302719084,9.81195546,9.921733559,10.38698873,10.38576182,9.455773952,10.23789073,10.0717565,10.57949927,10.65449474,10.70956704,10.36874491,10.39086901,10.46596978,11.31691878,11.26617697,10.79005978,11.22265652,10.49378864,10.43472192,8.793390014,8.967988759,9.24153192,9.142594691,9.613647384,9.556503098,9.431113639,9.917552477,9.728968152,9.246778824,9.606147087,8.926095801,9.242643253,9.126360873,8.764468619,8.976880034,9.258495882,9.30916051,9.941085412,9.819764799,9.967013164,9.15621321,9.002789454,9.128529663
"CATMA3a19345",14.42818858,14.81765826,14.52687355,14.71640128,14.83096182,14.20389504,14.45823524,15.03135418,15.14639977,14.96552264,14.39340427,14.87780271,12.66414461,12.11267552,11.68770462,11.65924905,11.9303147,12.72513126,12.79954797,12.71073761,12.98377907,13.63040534,13.43822004,14.65879989,14.48740021,14.09838496,14.47968523,14.5186512,14.51203711,14.41986459,14.70750172,14.80206554,14.67768771,14.96146869,15.19881861,15.30081801,14.95773434,14.92825188,14.48857059,14.96460152,14.66214714,14.0487162,14.63711514,14.29921445,14.883401,15.12160068,15.01960741,15.44515275
"CATMA3a21500",10.7184517,10.57088928,10.52145327,10.37554929,10.30404882,10.52261753,10.23298434,10.60088329,10.48834881,10.6653213,10.9885321,11.201694,11.50159996,11.5603405,11.40681283,10.77211998,11.33741015,11.03429503,11.31610618,11.25915494,11.21359902,11.01763097,11.34771984,11.13185078,10.67469775,10.40385081,10.4112591,10.27744951,10.56471556,10.49670254,10.38420328,10.4107395,10.2331959,10.47670882,10.37938407,10.75498652,10.74134268,10.4751572,10.37971395,10.12088928,10.1540261,10.42381464,10.41392803,10.40609411,10.50921993,10.2539402,10.23818237,10.50074382
"CATMA3a21640",7.692001585,7.968464829,8.045251825,7.785835601,8.049554876,8.427474061,8.115278765,8.422719076,8.483791662,8.173494467,9.083142777,9.224950848,9.895539346,9.308989888,9.074533189,8.919572877,8.501513613,8.440908525,8.843847585,8.446610617,8.71405094,8.766730373,8.689917849,8.775976984,7.651208515,8.050884251,7.98018195,8.602240658,8.160970108,8.333397304,7.821888781,7.974327328,8.406425808,8.067346634,8.472408892,8.403779241,8.471704618,8.428127569,8.155159091,8.310526852,8.410526903,8.504504435,8.692113951,8.398517185,8.323556885,8.218216842,8.112749043,7.889133869
"CATMA3a23235",8.346230232,8.518239352,8.278875445,8.455690958,8.270138675,8.300427213,8.308766714,8.676196708,9.089247245,8.973274223,10.21923898,10.44059682,11.1459194,10.8496554,10.5821404,10.9905289,10.39981656,9.821811919,10.91274055,10.4284093,10.37958688,10.22107505,10.42957969,10.16318054,8.148022163,8.130917419,8.178053623,8.241435177,8.164227387,8.108778975,7.926723218,8.009673233,7.956727667,7.572174845,8.716615814,8.934574425,8.776621736,8.748242768,8.814256132,8.567654947,8.506325898,8.778224885,8.961853169,8.758364348,8.472716854,8.827011073,8.428708462,8.693733601
"CATMA3a27120",12.40061165,12.27153008,12.02351027,12.33526473,12.07814705,12.15507896,12.06628943,12.30179443,12.08902975,12.2391952,12.35619961,12.39711782,12.42265146,12.29366342,12.415736,12.24531655,12.1940012,11.9467105,12.21116089,12.0656231,11.69906006,11.89040571,12.11371631,11.88659149,12.21886599,12.2029349,12.07006688,12.35358785,12.12090715,12.21888099,12.25646764,12.07608915,12.06427153,12.27621115,12.16075167,12.37867601,12.32838322,12.27293034,12.33743126,12.21728471,12.21176672,11.96540317,12.11587235,12.01059369,11.86491487,12.00764523,12.25776772,12.3422701
"CATMA3a38645",10.41319305,10.80493403,10.78817911,10.59898888,10.61046828,10.93631596,10.69055387,10.69434182,11.17347968,11.09677996,11.26846657,11.02395197,10.98887404,10.84682249,10.79770445,10.15597108,10.6467859,10.72089626,10.65045058,10.7712428,10.39474363,10.31316549,10.86264347,10.52934884,10.29158696,10.65043639,10.70131602,10.69835319,10.80044023,10.72461339,10.65110304,11.04766987,10.86030156,11.42458396,10.99861836,11.3113786,11.60761598,11.30647751,11.17704194,11.04819926,10.94424555,11.50167495,11.01919742,11.1245551,11.18469025,10.80370233,11.23843949,11.4850498
"CATMA3a43475",8.823634898,8.660102111,8.824790675,8.883422154,8.894685256,8.952020401,8.897561685,8.619169328,8.84380251,9.121640408,8.954563622,9.188231918,9.003029833,8.844971036,8.973633043,9.015177042,9.069279655,9.034262522,8.552025041,9.093169874,9.063356037,9.096229497,9.031364558,9.301801578,9.201637752,8.707379732,8.840444221,8.783845302,9.111225025,8.565404396,8.893923083,8.726654728,8.942575122,8.822456398,8.986301683,8.965699607,8.675600016,9.109020069,8.987877091,9.510234796,9.494034861,9.083010006,9.11469194,9.163272428,9.14532025,9.254129864,9.249302309,9.426798636
"CATMA3a44060",8.085245751,7.855499235,8.073269889,8.035382035,8.033975383,8.023379991,8.264666418,7.708878058,8.312982159,8.298037637,8.334884062,7.911854867,8.25817755,8.487780393,8.459393059,8.546584527,8.133089145,8.238026973,8.213432574,8.283585342,8.404979609,8.136307265,8.392753846,8.397016805,8.27586392,7.797221925,8.056019834,8.172694379,7.805630185,8.172863778,8.018459421,8.039548025,7.873662808,8.351786573,8.048406327,8.153852187,7.988796006,8.129860636,8.012568738,7.926674465,8.009743375,7.951610924,8.346984012,8.15549133,8.388641893,8.304921271,8.177381147,8.140528147
"CATMA3a44230",8.940853735,8.697609807,9.190155978,11.49984625,12.19033675,10.88190872,11.26082834,11.54395996,10.35292388,11.91150871,10.37185909,8.70945776,8.401205983,8.873160717,8.633631926,10.27909291,10.59763613,10.73247786,10.25657974,9.013703668,9.564620101,10.6172231,10.12701388,9.674831813,8.874335225,9.178556014,9.635942584,11.66958339,11.8630775,11.04032275,10.93186,11.45905361,10.33999923,11.4003886,11.74892336,9.902271714,9.431028391,10.36970094,11.68697299,13.68003798,14.08259746,12.27006997,11.8963496,10.46323147,11.67109982,12.69070239,13.23584877,12.31623789
"CATMA3a46940",8.295281571,8.527452232,8.252874378,9.499566689,8.736374664,10.43693659,10.74666694,11.54342158,10.63671508,11.60768712,12.02807961,10.85454159,9.775040316,9.604614228,9.466774605,9.547656809,9.677513773,9.870244376,9.754977294,9.517480287,9.530328285,9.672508255,9.981462194,10.33108133,8.535879111,8.45648074,8.729584942,8.727168103,9.371543814,10.33870784,10.60624574,10.68112323,10.66893995,11.2301208,11.26152767,11.4320451,11.51311327,11.99798345,12.0863138,11.74420336,12.36499729,12.29443995,12.41304438,13.13634885,11.33550656,11.96838496,13.03922249,13.34637354
"CATMA3a48363",9.169959621,9.262688308,9.234345577,9.47242926,9.206719086,9.259752191,9.191693784,8.959418847,8.43586993,9.009294875,9.224764269,9.542683692,8.827668997,9.169273465,9.229119384,9.205562547,9.490910504,9.085604109,8.791702321,9.515332619,9.606584646,9.119817692,9.492458701,9.849662851,9.415980101,9.346157799,9.355474859,9.312276666,9.488457014,9.278157812,9.442875573,8.59073287,8.818801347,9.314233406,8.752531848,9.796433335,8.92852025,9.201937946,9.371026053,9.257441943,9.154989438,9.060369847,9.035370519,9.298491728,8.969181651,9.117137168,9.412893637,9.478307581
"CATMA3a49380",12.98979659,12.23243653,12.33508999,12.13507991,11.99381248,12.055909,11.54525739,12.21255265,12.34856174,12.44773986,11.94111946,11.84747831,12.41499523,12.13450447,12.48189683,11.43088892,11.22383195,11.17231601,10.81247773,10.98596576,10.76011632,11.12204209,11.09211031,10.91944092,12.88402782,12.36405404,12.73842089,12.24535086,12.83687984,12.34608298,11.98559505,12.3336977,12.13959322,12.53112803,12.19661137,12.55597128,13.0253125,12.32370728,12.66544508,12.42238945,12.6009767,12.66324317,12.43695438,12.62864363,12.65772472,12.04688052,12.06843023,12.09684594
"CATMA3a52440",12.06871062,11.50756761,12.56259112,12.21217364,12.60087159,12.71162267,12.73193637,12.28540073,13.04409948,13.38654346,12.29090941,11.59748547,10.14967427,9.591031577,9.199683925,9.840893026,9.572956713,9.686111421,10.3288995,10.23420043,10.3966179,10.73766998,10.71320139,10.97684787,12.1466237,12.0430389,12.50790746,12.6206115,12.39805312,12.58675569,13.10840137,13.35009199,13.04872798,13.22627472,13.36359438,12.45982696,11.48322757,11.3083751,11.06006565,11.75851347,11.41446982,11.22120419,11.5686525,12.11818143,12.06624586,13.04799676,12.71087524,12.18682258
"CATMA3a55940",9.369784176,9.453478466,9.658229974,9.580006142,9.727769,10.00513179,9.789338734,9.294990245,10.12206107,9.792238267,10.96485181,10.55786704,11.49778647,11.82356945,11.58625891,12.223246,11.95242934,11.60120542,12.37810385,12.02682804,11.67301712,10.9359304,11.50607007,11.3806608,8.976271235,8.729243299,9.161346853,9.275298119,9.140646882,9.073165803,8.667764704,9.061814419,9.229231528,9.087878864,9.616852636,9.14310408,9.473339788,9.516313514,8.750394821,9.557770869,9.020078315,9.260227832,9.792776906,9.593070303,9.546658504,9.126586378,9.380409371,8.98745529
"CATMA3c57167",10.17956402,10.04798384,9.88142796,10.05115988,9.822629084,9.938932532,10.16429808,10.39047006,9.977593403,9.881613323,10.08248708,10.01604179,9.674997394,9.650087417,9.629695332,9.559671545,9.65731744,9.770807723,9.638703663,9.678956874,9.59926726,9.869334816,9.649987021,9.546563713,9.981946651,10.34011076,10.07137501,9.984084106,10.14564148,10.34099028,10.386125,10.1792561,10.22473998,10.31120303,10.12804982,10.27058704,10.20329825,10.02367232,10.14552109,9.946123923,9.979676198,9.955755218,10.05499764,10.16701752,10.14761931,10.04767931,10.13471528,10.22136753
"CATMA3c57282",10.49059104,10.77490938,11.55259524,11.32769945,11.7328298,10.91732381,11.72408959,11.0109452,12.17359196,12.45237491,11.67984531,11.07925042,9.891843148,9.474612216,9.107104621,9.443150937,9.290627603,10.23638932,10.06451263,10.13251499,10.45889308,10.20953,10.71618575,11.21716985,10.53190323,10.33286802,10.96274159,11.45148029,10.87344245,9.899032756,11.30244968,12.13243971,11.87506466,11.4553713,12.53963446,11.49009992,11.79029853,11.7943768,11.85460315,12.42251554,11.28788635,11.12386511,10.94492952,11.54740817,11.59537508,11.85530442,12.52309647,11.73334155
"CATMA3c57320",12.17775214,12.81844226,12.7068112,13.03834751,12.8060378,12.57294071,11.66002403,11.82450124,11.44071391,12.62585659,11.75170619,11.72020798,11.81659145,11.73457904,11.45647739,11.03091742,10.41762629,10.39360213,9.439001859,9.437159356,9.584119692,9.717927514,9.590522047,9.858982497,12.57380244,13.02099666,13.47044608,12.96169591,13.12751398,12.76415002,12.71157205,12.69518682,11.5923089,12.99222468,12.46559045,12.16737527,13.65852168,12.80964704,12.88070646,12.91795835,12.36433761,12.8316374,11.99494481,11.97057238,11.5378018,12.20655822,11.37923115,12.21302729
"CATMA3c57577",11.52757527,12.01617512,11.82660571,11.80984612,11.76362915,12.27331514,12.15473688,12.22120302,12.3530918,12.65224558,12.71671522,12.52612769,12.40577828,11.97736872,11.8991011,11.30031593,11.46683184,11.70956812,11.35571375,11.21558007,11.36730927,11.54768955,11.74311419,11.31130015,11.52406748,11.84537861,11.84719252,11.8008588,12.07302663,12.18991796,12.08373763,11.99857918,12.05330444,12.89553999,12.38713419,12.59254711,12.80390583,12.58189902,12.37412508,11.91013068,11.85644236,12.15830897,12.00353386,11.67178191,11.91248618,12.01250947,12.34912499,12.44214461
"CATMA3c57822",12.23660776,11.54571614,11.67565076,11.62286834,11.43076042,11.47652542,11.24723657,12.01534075,11.98664012,12.00786843,11.64356803,11.44201787,11.81412837,11.37122176,11.70620514,10.57787917,10.56602612,10.60488704,10.04659605,10.03306372,10.19536672,10.36515421,10.2091658,10.10974418,12.34822488,11.70334775,12.16851058,11.6556469,12.2723923,11.91208084,11.66161063,11.90242912,11.68032723,12.1804838,11.76852181,12.15573176,12.31708616,11.50926979,11.84204638,11.49200777,11.89323136,11.95780438,11.56249518,11.79426763,11.72301162,11.35747109,11.27346223,11.21664617
"CATMA4a01565",12.48959346,12.54402468,12.60891946,12.76826171,12.84826941,12.35176337,12.51237181,12.28131553,12.51737528,12.84226023,12.97206799,12.7380271,13.03202744,13.60339471,12.87703469,12.92530144,12.87932429,12.63929848,12.3714175,12.2556796,12.11285416,12.34850143,12.28703556,12.3757184,12.3163799,12.31826752,12.381037,12.68472494,12.36771603,12.34171352,12.20419593,12.35589412,12.05233443,12.39514795,12.09213505,12.32282874,12.26167871,12.85318093,12.55020626,12.78641061,12.37631187,12.27289109,12.21597746,12.04224846,11.8613129,12.30679671,12.25751409,12.60852219
"CATMA4a05150",10.38415704,10.73090919,10.67446489,10.80700821,10.37680518,10.50535477,10.76260761,11.26763328,10.98748384,10.94954864,11.68704864,11.58024425,12.2125626,12.75833643,12.7495553,13.11300845,12.84145971,12.25326225,13.17120938,12.78545935,12.34250948,12.71224645,12.1262091,12.17801747,10.0207379,10.10121442,10.25196372,9.936696508,10.07868795,10.34218176,10.27401209,10.21732704,10.56210526,10.39983111,10.65070448,10.67645901,10.97288506,11.05848075,10.62077511,11.00132905,10.97395634,10.41937321,11.2546322,10.80954968,11.04915777,10.65117738,10.3805159,11.0153706
"CATMA4a11410",8.964419997,9.218454261,8.612644848,8.600445219,8.817018514,8.869273429,9.124348237,9.136553956,9.67079531,10.09499172,11.23163806,10.69167203,11.91914824,11.74953647,11.55349453,11.38315833,11.26630547,10.89051654,11.58551826,10.95648453,11.28203412,10.73663396,11.59533344,11.24889686,8.621716646,8.267102871,8.467281135,8.371415483,8.809945491,8.377457345,8.872374604,8.536701859,8.530705372,8.883696421,8.566974806,8.628802476,8.287722488,8.299632301,8.497914979,8.342722838,8.376547762,8.254180016,8.702473252,8.124524691,8.576732665,8.678408128,8.667101654,8.820391108
"CATMA4a13955",12.48597086,13.08186323,13.70582882,13.35731773,13.77337272,12.90803003,13.84441969,12.45074081,13.73731365,13.78158005,13.10130744,12.67317315,10.75485658,10.56298581,10.25199698,10.70789236,10.38276313,11.34320188,11.26055586,11.28000285,11.55122172,11.51348706,11.68967,12.48872307,12.98987731,12.67993514,13.54361546,14.09930154,13.11453346,12.69529491,13.44779097,13.79986815,13.88159893,13.1598769,13.95193886,13.57887246,13.52565325,13.6849204,13.74543204,13.63919078,13.12129838,13.03284013,12.81703462,13.28789241,13.3880004,13.73814133,13.8535396,13.59291027
"CATMA4a14910",12.11876193,12.43139296,12.60213506,12.28322165,12.54441478,12.53375731,12.34368031,12.26111609,12.26028038,12.03715702,12.10815965,11.95936651,11.76156997,11.90770737,11.85440807,11.80302903,11.74367377,11.78707215,11.74515413,11.63627077,11.95371978,11.67541679,11.94907632,12.177516,12.17135024,12.53152342,12.54692134,12.38644806,12.33737269,12.47008519,12.54807695,12.56285214,12.39400838,12.12177186,12.56355002,12.13189452,12.11449848,12.12569963,12.09631064,12.41903996,12.24796952,12.23128903,12.18008436,12.40038498,12.16632121,12.0211064,11.89819695,11.96563252
"CATMA4a18523",8.779382385,8.7897927,8.362520273,8.104754481,7.960524052,8.380233892,8.365048133,8.172849101,8.622176961,8.301848591,9.516329574,9.210481882,10.33794726,10.0694429,9.990831071,9.849755298,9.536656671,9.521465646,10.73082369,10.10498965,10.30074389,9.255652277,10.50047207,9.992710625,8.81568796,8.18871833,8.127858123,7.749719203,8.070283986,8.165545505,8.353091623,7.674316848,7.992458788,8.240644958,8.344345265,8.510674658,8.758177002,8.861267436,8.492648908,8.040194906,8.296886034,8.294296327,8.771186147,8.486448125,8.496157957,7.903340138,8.493428781,8.576673602
"CATMA4a18890",10.62734962,10.58801604,10.5846421,10.56488354,10.75627664,11.31438179,11.42692128,11.6020972,11.51431136,10.70344894,9.991866935,9.65633879,9.48531368,9.278031016,9.703125418,9.168259388,9.210655319,9.773040849,9.749563302,9.449115505,9.149594658,9.446650552,9.218515553,8.83297904,11.1208355,11.11863833,10.79781195,10.8142789,10.60598978,11.91332349,11.78242859,11.6959466,11.358223,11.43282291,10.58492264,10.22901248,9.776083889,9.796830087,9.740586313,9.942964654,9.888714254,10.86063,10.57946338,10.45757749,10.4874032,10.40519949,10.13966059,9.511891525
"CATMA4a23670",11.71078493,11.76669671,12.22044635,12.37723471,11.87407365,11.9943448,12.18618225,12.64732048,12.36913699,12.46936695,12.93236791,12.69844637,13.06775728,13.76249591,13.9247813,14.28656553,14.03756417,13.48200212,14.35541335,14.24323722,13.95487272,14.13309155,13.53363687,13.74790339,11.51359036,11.67428352,11.79298845,11.56824078,11.98067872,11.84177813,11.61560079,11.84158977,12.09087915,11.76578783,12.27001529,11.92900584,12.33085484,12.5367243,11.83299828,12.32824824,12.19655259,11.96706758,12.57997545,12.21074816,12.48593614,12.24188804,12.26626389,12.38828446
"CATMA4a24645",7.786180014,7.732252493,8.693830663,10.55387877,11.58117191,10.29037929,11.24804391,10.53581491,10.37931584,11.22551609,10.15883193,8.336250999,8.71741866,8.901264006,8.518618048,10.08663228,9.704067643,10.1546381,9.817903984,9.053981731,9.101001504,9.623381154,9.141488361,9.222290963,8.219947789,8.468264531,8.831084435,10.75748736,11.19777326,10.09809843,10.39017248,11.36423722,10.28002638,9.612734357,11.61733289,9.480951506,9.468024825,10.59491441,11.39645115,13.39424946,12.82966653,12.51610473,11.09199097,10.61077931,11.9572926,12.1787095,13.08206596,11.92377276
"CATMA4a25620",10.08209453,9.679981941,9.375477934,8.967435631,9.235851316,9.195309291,9.35972114,9.355619064,9.555707835,9.468608948,10.24623254,10.01337614,11.0183437,10.28202005,9.618209114,8.783001611,8.673311176,8.664546794,8.322932477,8.184999166,8.405214315,8.308390409,8.593811038,7.928061489,10.05859185,9.787538529,9.505557165,8.836394012,9.913078868,8.983472494,9.151183334,9.534421274,9.157270471,9.089767446,9.410674026,9.546897463,10.36096406,9.842075051,9.333134615,9.383629506,9.479549153,9.614237941,9.196724844,9.259494186,9.177616664,9.26005821,8.982849913,9.338802777
"CATMA4a25630",10.78806838,10.43475505,10.22008163,9.843508555,10.09730607,10.07942524,10.32214928,10.1545012,10.49630003,10.13528782,10.90833125,10.49321514,11.69772406,11.15082062,10.43207441,9.815446098,9.296129493,9.511384042,9.202606752,9.26713835,9.247718233,9.197176083,9.492535698,9.315199678,10.97089919,10.45220227,10.37258913,9.846510318,10.80778591,9.816974863,10.13950883,10.37092959,10.10349042,9.723594304,10.09444565,10.07229674,11.09430485,10.61987345,10.14015757,10.0706256,10.14244384,10.52670166,10.12889299,10.13213871,10.05150656,9.915935739,9.784752092,10.06291536
"CATMA4a27664",9.094303814,8.937410657,9.476622239,9.442374643,9.272593401,9.051623964,8.834701003,8.489993535,8.370489789,9.145534051,9.405842068,8.426887913,9.67294383,10.04528183,10.04166734,10.65345077,10.22442275,10.06700023,10.75379335,10.45817708,9.903612885,9.735576037,9.57721849,9.661029671,8.713341011,8.677637516,8.630989352,8.648167332,9.28989076,8.103881302,7.677217419,8.004619106,7.786938245,8.538117974,8.383052466,8.209710218,9.020381915,9.157536854,8.480576596,9.243189351,8.661161388,8.558807117,8.806736676,8.478344205,8.765654699,8.218728347,8.844367964,8.293783757
"CATMA4a33440",10.92043862,10.08740193,10.02822015,9.856348836,10.26822914,9.764588842,9.805234949,10.11914966,10.0349088,9.664174375,9.166596805,9.236460725,9.951688491,8.926294157,8.72471513,8.774747879,8.622729632,8.870152336,8.840525228,8.802641571,8.628884376,8.750511006,8.586801401,8.343486441,11.48295385,10.48221292,10.43877996,10.06926668,10.44985206,10.53522383,10.22906107,9.915749427,9.56010195,9.835906102,9.291619406,9.39232564,9.683227035,9.445009522,9.234180317,9.604812134,9.481764267,9.849699568,9.557419816,9.338405389,9.280259968,9.235439275,8.924260903,9.156563095
"CATMA4a34150",10.2769003,9.318537586,9.699840201,9.359434723,9.905471991,9.312207822,9.089693641,8.52874267,8.790086772,8.957604346,8.409958738,8.58939339,7.953631858,8.384178098,7.558874785,8.369726818,8.069275748,8.760704447,8.213835452,8.377662914,8.651978103,8.47940271,7.926442618,8.089842387,10.43748356,9.812992247,9.967204189,10.22419648,10.06450099,9.532239877,8.941816632,9.729535276,9.632524777,9.421663137,9.786139172,9.663591768,9.773711322,9.529232876,9.712971482,9.563952062,9.125408169,9.659111841,8.76784078,9.632936452,9.677404154,9.435646411,9.905463712,9.24292315
"CATMA4a35150",10.7653262,10.86224338,10.49038078,10.58640998,10.41142915,10.40764341,10.38661385,10.4661071,10.4086074,10.24872719,11.29216545,11.49839484,12.25307115,12.06729705,11.61076561,11.16490146,11.45819195,11.1136072,11.38828903,11.39667145,11.48091506,11.1848127,11.49389136,11.1108383,10.74311365,10.50599948,10.51426265,10.3801483,10.6859157,10.46837159,10.41356601,10.25841039,10.13237762,10.04040394,10.38257267,10.74883307,10.74700519,10.67397382,10.21333911,10.22605654,10.20202126,10.43332151,10.50529908,10.3939387,10.41279204,9.886373051,10.0176895,10.4957218
"CATMA4a40490",8.252619142,7.598968713,8.230983354,7.659529422,8.043417282,7.754193113,7.835408831,7.220374506,7.597831935,7.874121185,8.111801121,8.331580947,9.041340694,8.792925361,8.606689196,8.021613355,8.289644789,8.428078512,8.598085493,8.592095505,8.691348108,8.22863113,8.578551633,8.563231342,8.09332661,7.59361096,8.047094921,7.88237393,8.193184454,7.744480578,7.510059845,7.447034396,7.391784822,7.661245232,7.274294131,7.715594822,7.416990851,8.10506201,7.460138462,7.662118915,7.776308868,8.066755394,7.918351594,8.025827797,8.009844085,7.572326614,7.602957005,7.305545732
"CATMA4a40500",9.235503025,8.464954624,8.874479298,8.475708298,8.694662975,8.003437751,8.345290427,7.614378635,8.273917593,8.524325277,9.489212735,9.446065679,10.63255885,10.10679513,9.633910127,9.219006506,9.578391414,9.312742116,9.031357566,9.020100813,9.215382455,8.835848384,9.491833072,8.647319147,9.073715559,8.626339786,8.620808304,8.569706467,8.953476506,7.984759215,8.192157098,7.91233813,7.824621559,7.877822439,8.10761105,8.580137526,8.602726604,8.79587415,8.307266773,8.276763225,8.11797402,8.620785138,8.246147312,8.389592899,8.303138854,8.612548891,8.510299121,8.444148824
"CATMA4a40790",8.625933097,8.720535894,8.414383718,8.751895245,8.895833299,8.75079028,8.754328542,8.633257344,8.691520054,8.826026287,8.687974005,8.798425623,8.530771647,9.041633569,8.647339149,8.986916561,8.695838422,8.725580519,8.609100507,8.7866949,8.833872427,8.469572537,8.651668332,8.827004857,8.649124966,8.87105594,8.82900888,8.673942757,8.803689773,8.70694477,8.669432365,8.811416803,8.837008109,9.178743536,8.999775653,8.886705845,8.519458257,8.594394235,8.618874231,8.628724166,8.312876357,8.695211126,8.642844841,8.694143048,8.572762472,8.719735162,8.431623513,8.509003481
"CATMA4c42028",10.39293182,10.63766757,10.96411983,10.77248411,11.05988584,10.62960672,10.62566226,10.22669493,10.49953133,10.92788338,11.15331448,10.59247844,11.14554572,11.50480653,11.03710423,11.03059706,11.32256638,10.75940008,10.92473171,10.89092296,10.95163082,10.33870363,10.53280423,10.76230613,10.25156229,10.03742279,10.64804748,10.62844572,10.86416399,10.20352959,10.05770021,10.16311741,10.2244629,10.26601236,10.440516,10.33058283,10.4914596,10.67160546,10.50453239,10.96435509,10.25560077,10.35406749,9.958880239,10.48675116,10.57982404,10.35454433,10.31403695,10.06056307
"CATMA4c42475",6.860458172,7.261114607,6.945336087,7.005466341,6.101125291,6.938911878,6.999065152,6.768013796,7.092662542,7.146713968,6.576592065,6.251007881,6.586728264,7.375756923,7.052244763,7.635800358,7.150063243,6.746682535,7.206329174,6.749264468,5.831677041,7.373111814,7.130623583,6.675758565,6.780722806,6.683368435,6.941922315,6.500792036,6.913707256,6.983293817,7.261583087,6.752142037,6.509333513,7.480406123,6.425348213,6.453859834,6.937119559,6.732937091,6.991969278,6.571620326,6.831657611,6.801001486,6.559274008,6.797102259,6.11576905,6.847681021,6.979134892,5.884848764
"CATMA4c42596",11.98296343,11.47099879,11.42079139,11.36147679,11.34296503,11.294781,11.22781096,11.18738228,11.18993588,11.39867982,10.54719973,10.83979954,9.789804808,9.062365114,10.13327335,10.07208638,9.858884235,10.28614459,9.86258377,10.04582893,10.06176646,10.01205887,9.972248189,10.15366818,12.26199536,12.16924537,11.88989559,12.04767105,11.73137776,12.11816991,12.09485669,11.85912805,11.77551364,12.24991209,11.9593449,11.81052121,11.11762697,11.23284705,12.10684036,11.57567109,11.45018042,11.56608885,11.23554282,11.35973479,11.51815959,11.34564178,11.82970635,11.61627718
"CATMA5a04375",10.54764633,10.39762162,10.46375992,9.964357337,10.58455292,10.4194941,10.00919275,9.411201136,9.826734861,10.25109778,9.899117303,9.119003875,8.899107572,8.723966126,8.401250475,8.746949808,8.565714282,9.323776203,8.787358709,8.940915619,9.073911093,8.768372647,8.848738669,8.789665426,11.03032394,10.2652118,10.73148588,10.74980265,10.80030745,10.32825789,10.08062353,10.50718351,10.31097504,10.73135271,11.01540587,10.13611784,10.44574938,9.997809031,10.14249144,10.12609989,9.275444936,10.20326519,9.606807361,10.30021096,10.17431967,9.990619572,10.74866962,9.764368325
"CATMA5a04910",9.877533698,9.839497775,9.588869322,9.213627303,9.772659297,9.556389791,9.466395497,9.401407569,10.35454808,9.757522181,11.03281183,10.70932674,11.69477993,11.79315011,11.58475659,11.57071815,11.7934683,11.59529852,11.31422524,11.3921879,11.44470309,10.73249797,11.79476059,11.37342001,9.47489519,9.586172009,9.529400823,9.285660001,9.620372894,9.30519658,8.864083994,8.897881775,9.477346073,9.257969559,9.490602182,9.85311256,9.548290094,9.644645088,9.501524417,9.711947413,9.405606447,9.611225681,9.4647223,9.573343191,9.836350675,9.328015826,9.269352814,8.942268036
"CATMA5a05150",7.11393509,7.533213064,7.880554982,8.816970152,8.471154943,9.442656639,9.367231085,9.154170144,9.120343845,9.403789394,9.236051569,8.982334985,7.546578977,7.190534592,7.158023258,7.891900227,6.593022564,7.903620874,7.121519517,7.813434031,7.270657567,7.730595747,7.714416308,7.993517543,7.334193374,7.752211192,8.488249772,8.514647979,8.531496472,9.816075561,9.952115546,9.368284327,9.283021874,10.35550707,9.735138437,9.349745688,9.039849659,9.707606387,9.849802032,9.258817949,9.292012078,9.706650935,9.897735,9.830788565,9.124190806,9.877003802,10.07775717,10.22255838
"CATMA5a06070",8.801040142,9.064818106,9.194890653,9.333980208,9.24174081,9.6910321,9.807788935,9.679741839,9.377847147,9.411673617,9.150839156,9.386139802,8.826400307,8.583696936,8.314805056,7.776235172,8.206744528,8.434664514,8.472231729,8.528259892,8.187209995,7.523461666,7.921995985,8.913482905,8.904322575,9.290631027,9.149733741,9.161921467,9.382983518,10.10923746,9.754585714,9.331858002,9.551799359,10.00216485,9.248080077,10.26574361,9.26758535,8.859012109,9.693762163,9.44732641,9.280777574,9.245877354,9.661085673,9.583475027,9.445346375,9.131235187,10.09166592,9.750598835
"CATMA5a06130",9.281577483,9.237457495,9.184349506,9.176678333,9.046001782,9.237012341,9.361913598,9.4277326,9.406595757,9.429078613,8.459919767,8.931241467,8.597591251,8.607479113,8.90296145,8.856055887,8.770035554,8.376362677,8.540891503,8.583422434,7.443165497,8.232199303,7.952816186,8.150015781,9.472659074,9.4906019,9.290692214,9.295535774,9.570052175,9.309569793,9.413312688,9.414296572,9.411013167,9.63962276,9.121778956,9.393818653,9.393479921,9.161507985,9.225955651,9.410148459,9.287281303,9.253227652,9.262270576,9.361924048,9.214067576,9.34808961,8.936771781,9.194774284
"CATMA5a06925",9.547331488,9.364467589,9.274321655,9.635233367,9.794894267,9.644985026,9.657930765,10.30678406,9.931173325,9.945052395,9.260075512,9.059896309,8.235816585,7.679329915,7.715120599,7.740152972,7.764783504,7.707749171,7.855497991,7.935931952,7.279944118,7.700549834,7.984562995,8.116119846,9.924935782,9.50833845,9.241884934,10.21846913,9.660644476,10.03537411,10.0970957,10.16127592,10.09598013,10.58455839,10.32127916,10.74175561,10.01021473,9.325706303,9.719204523,9.61985144,9.435571976,8.473147623,9.049173176,9.3162934,9.306382901,9.802201549,10.51983383,10.20774009
"CATMA5a11100",9.304421691,9.275461765,9.103225023,9.050467064,9.06556255,9.319177036,9.361531042,9.485551895,9.238833826,9.628052777,9.459463765,9.275774079,9.489999432,9.571469239,9.574660289,9.846611174,9.515348254,9.474842321,9.434373138,9.605113709,9.797652662,9.753787508,9.194110455,9.810739711,9.358135736,9.235707269,9.225582881,8.763590554,9.324221942,9.354408931,9.281274573,9.277735389,9.40419842,9.392183558,9.352494799,9.002926944,9.063560607,9.34761892,9.361138722,9.136061288,9.249033882,9.189736399,9.464939833,9.379976353,9.353596,9.660417695,9.20426408,9.331661814
"CATMA5a11290",10.24419705,10.32147294,9.948018364,10.09317259,10.09246244,10.12770213,10.78666639,11.4426335,11.9843878,12.22837918,13.96442542,13.77477812,14.87759089,15.19714442,15.40612353,14.84471987,14.86168489,14.64198599,14.86646608,14.96740918,14.81809691,14.55462396,14.639676,14.56475618,9.154894632,9.287196784,9.447869114,9.205111855,10.10767721,9.473611542,9.483239016,9.609163633,9.439525974,9.382180652,10.37445293,10.58555531,10.38878969,11.43354224,11.24652902,10.52891297,10.70993935,10.97037573,11.18934069,10.14989942,11.25058694,11.01856801,10.58333198,10.72788803
"CATMA5a12660",8.156748711,8.091871076,8.447216785,7.695345301,8.084171911,8.387943987,8.347392099,8.087437203,8.171703991,7.797178624,8.770823059,9.069950748,8.898090222,9.355153848,9.689285676,9.651333502,9.59264845,9.317778338,9.922595881,9.754043412,9.560745093,9.85920308,9.671655679,9.652052481,8.197131536,8.099926291,8.389017518,7.942440608,8.747319518,8.4565573,8.331304701,8.582030946,8.149604683,8.391656195,8.328580397,8.27745847,8.399003182,8.215650239,8.403112913,8.247231524,8.675764852,8.377083861,8.708331098,8.588558063,8.940978962,8.454656125,8.304496303,8.47369462
"CATMA5a20495",10.87608095,11.78520438,11.66991911,11.93387106,11.70697407,11.25235398,12.18550074,12.3064284,12.49679555,12.47776216,11.48877007,11.15122834,9.639636261,9.066327569,7.667440426,8.811478217,8.331175669,9.152710591,9.608319941,9.180321992,9.103279687,9.804893486,9.937415419,10.76624713,11.54118858,11.72393645,11.82393722,12.36252026,11.65438993,11.71839941,12.46178528,12.61606748,12.51328932,12.68534868,12.92960127,12.77641104,12.22660223,12.24837713,12.26017297,12.38594174,11.98209159,11.55500364,11.7244657,11.6922492,11.6152024,11.84949163,12.56172795,12.40717924
"CATMA5a23070",13.63748719,13.54267748,13.36414574,12.95372826,12.81267045,13.45945243,13.75163036,13.12399648,14.51417463,13.77988013,14.86005553,14.90636002,15.44505671,15.46954801,15.32136819,15.51452865,15.21857754,15.13031029,15.32564005,15.28999369,15.22433799,14.80250777,15.0334014,14.97401387,13.82265288,12.77252638,13.36636886,12.61568251,12.92280124,13.14561885,13.07542553,13.88731821,14.43500205,12.44142143,14.18486885,14.28587986,14.71884589,14.01532618,13.64484722,14.11848217,13.79032003,14.45393641,14.60861636,14.93508987,14.08125013,13.68811519,13.76164922,13.62974993
"CATMA5a35200",9.16366549,9.013604054,9.198459824,9.046120704,8.47957577,8.812314235,9.350575687,10.05208504,10.67306725,9.845500079,11.14780618,11.02265416,11.87446208,12.47783068,12.35565743,12.54314667,12.21409727,12.03539747,12.11995204,11.88683603,11.46832051,11.64441915,11.40301315,11.07746332,9.020390566,8.475056528,8.851255788,8.112790001,8.910212364,8.804992878,8.103086501,9.160651241,10.13102424,8.759260908,10.48179093,10.20956091,10.71159881,10.34785217,9.738719983,10.06497835,10.53945989,10.64777375,10.75378449,10.68165517,10.51957623,9.472427494,9.41138424,9.416994832
"CATMA5a40970",10.07283502,9.868343629,10.12344958,10.06569044,9.935313772,10.44168566,10.14402827,10.28907983,10.49650176,10.28461103,10.53397044,10.32117491,10.8559092,10.88364205,10.78413473,10.12359105,10.57564692,10.64722491,10.1856449,10.44594502,10.37630107,10.01896392,10.44299358,10.27399465,9.807116545,9.657039463,9.929703049,10.04850196,10.16729066,10.44761131,10.20590292,10.42469892,10.32689722,10.21587095,10.08653223,10.13622369,10.07831015,9.686551317,9.72890001,9.489772261,9.582310892,9.951419828,9.771825478,9.87941081,10.12526944,9.490665417,9.813063573,9.796207473
"CATMA5a41290",8.651685595,8.370911789,8.347710053,8.805147111,8.786610351,8.817108443,8.799202035,9.099802449,9.191056112,7.666126597,8.426422882,9.040202734,9.267140159,8.950488729,8.470140123,8.265604427,8.771186128,8.753261316,8.544867198,8.616160074,8.763296261,7.782582241,9.178807609,8.525334231,8.874334126,8.486097787,8.421172938,8.707181021,9.367792899,9.334453717,9.115315216,8.969763574,8.79814661,7.928167904,8.084744677,7.962201376,7.926266097,7.765036522,8.441571168,8.027738601,8.426505815,8.275683572,8.352786332,8.442533112,8.265482409,7.959655462,8.182928228,7.470508789
"CATMA5a41900",9.138829179,8.95652512,8.952852648,8.801349092,9.102745487,8.582434839,8.822877808,8.609670456,9.032842654,9.315496128,9.458173178,9.95654764,10.19545785,10.40151387,10.62026741,10.50267702,10.75433452,10.45096765,10.60145848,10.89815029,10.70414915,10.41876022,10.84225051,10.41295425,8.924171618,8.820281978,8.785872694,8.829476907,8.913139926,8.653620091,8.622424775,8.379016669,8.570712068,9.183086194,8.952096985,9.237090863,8.884556544,9.017977935,8.883416672,8.927014212,8.91904383,8.457367094,8.782648562,8.466883874,9.127739182,8.660577751,8.928380977,8.809342551
"CATMA5a42310",8.822932233,8.689996073,8.730102534,8.232578921,8.349452105,8.645350591,8.820715416,8.236033987,9.468163712,8.426341529,8.431184145,8.560388753,8.474293804,8.191814897,8.003087695,8.081889929,7.301441878,8.275157243,7.929420957,7.267755587,8.319327171,7.875162576,8.239694145,8.242852527,9.196594109,8.969871103,8.871611599,8.454611243,8.845593616,8.963051817,8.899528003,9.125729946,9.636737825,9.017718477,9.57092412,9.82861669,9.674576014,9.027035046,9.270387621,8.91860267,8.549709987,9.235637413,8.898009556,9.327359841,9.177770312,8.484870048,9.110798022,8.90788599
"CATMA5a42340",9.135862067,8.489636783,9.076449872,9.146752036,9.011161501,8.777308961,8.963673272,9.577045032,9.618776204,9.444175648,9.230356159,9.262383169,10.08163377,10.40158325,9.964927928,9.801932029,9.900130523,9.454250474,9.671699785,9.820871509,9.617026014,9.34265398,9.460577003,9.36685684,9.147583935,8.279305818,8.968179307,8.757340436,9.267189417,8.722512594,8.707173866,9.172308035,9.051951813,8.551495257,9.266299124,8.567198783,8.771194734,8.772958347,8.494497693,8.675867881,8.437516899,8.629998195,8.978151384,8.897775434,9.059097586,8.809532808,8.900124411,8.975756224
"CATMA5a42350",8.672930617,8.542582819,8.591405685,8.608350775,8.895260947,8.359526494,8.762427838,8.869760123,9.266559191,8.933865185,9.192444204,8.99942391,9.499320616,9.883194989,9.606296414,9.623139302,9.616696897,9.049825576,9.499090434,9.380667786,9.162000922,8.694306787,9.258099766,9.403096596,8.616954554,8.240377362,8.41936421,8.407642502,8.650914754,8.210565308,8.117730433,8.467528513,8.748922208,8.357773943,8.509177517,8.512324377,8.244236907,8.337592113,8.257799923,8.331199138,7.996895336,8.125430747,8.403851361,8.215570927,8.681693512,8.155767847,8.134407621,8.449087932
"CATMA5a43215",9.729838527,10.1777919,9.856136177,9.74372176,9.513179342,9.702937243,9.837732236,9.711018393,10.56783343,10.49400068,12.14100482,11.91460604,12.41421485,12.06427389,11.49212828,12.09510773,11.7673076,11.26341636,11.75345338,11.46197648,11.44969888,11.16959783,11.70274001,11.5424086,9.526366246,9.348686185,9.393535089,9.158897107,9.663334716,9.218981037,9.392595775,9.144790143,9.304222091,9.471100845,10.09225537,10.32887247,10.01189738,9.802076858,9.539238787,9.760264581,10.0175146,9.657666431,9.835826393,9.490625111,9.584589606,9.250499435,9.68535276,9.599704576
"CATMA5a49070",13.61570721,13.75235884,13.41941324,13.05499124,12.97837457,13.85480721,14.12410516,14.28021393,14.01623224,12.450115,12.73606942,12.58184403,12.04557971,12.22213799,12.58347726,12.35472568,12.28428987,12.82580694,12.44376173,12.60115405,12.14745494,12.46232198,11.90635859,12.1965252,13.50604679,13.89560557,13.5034223,13.26614561,13.01657444,14.51370183,14.45059572,14.46214334,14.63886048,13.06101222,13.66791395,13.40531399,13.40470659,13.29241602,13.31945222,13.23139551,13.4580957,14.63254616,14.14793796,14.64574055,13.83500569,13.03443343,12.44249366,12.77839918
"CATMA5a50880",9.976133208,10.27765019,10.20942714,10.33612289,10.04957508,9.996444377,10.17321712,10.68365458,10.53447099,10.49577135,11.34521262,11.20299361,12.23254795,12.48078323,12.16026872,11.59966222,11.73052928,10.94628431,11.23067781,11.36407921,11.06999015,11.18393437,11.10820996,11.17337226,9.688750391,10.08773861,9.99064637,9.873086926,10.11429639,9.924936281,10.00155735,10.02856274,9.765850525,9.905509229,9.645294099,10.12331411,9.654970373,9.939086961,9.842728699,9.699996351,9.878638529,9.675385335,10.32186459,10.04985996,9.771878319,9.981193187,9.627830632,9.784098756
"CATMA5a51880",11.09723329,10.34529101,10.21885061,10.14418276,10.34252733,9.879075086,9.991450683,10.19291396,10.1577401,10.67009609,10.13076263,10.4039565,10.62007277,10.46466897,10.39695379,10.30368451,10.38723198,10.13369094,9.968812669,10.19891132,10.11229895,10.28048666,10.10069041,10.10825179,11.29830954,10.65161964,10.51832217,10.19134521,10.53991422,9.926799754,10.03828809,10.03396995,9.865944525,10.73832403,10.09701301,10.51620673,10.43209534,10.50177787,10.51206935,10.37132584,10.21743026,10.01464552,10.17920312,10.02193173,10.05464967,10.44344524,10.43016731,10.2732222
"CATMA5a52795",7.398262026,7.543897968,8.211295645,8.025066322,7.943495627,7.851036595,8.125474766,7.748352795,7.729724982,7.956373996,8.392601951,8.335263195,8.79146591,8.781806391,8.733701177,8.761067167,8.694974197,8.279668386,8.325145539,8.595456925,8.299387208,8.142882371,8.40634734,8.514161518,7.846290557,7.388857613,7.908851705,7.586710937,8.327356737,7.511027174,6.999092744,7.675254425,7.770151432,7.573672729,7.934038259,7.903606573,7.866199978,7.781115115,7.581026282,8.052720384,7.688774338,7.490834739,7.052128599,8.004632116,7.784546181,7.697395423,8.22478265,7.936053999
"CATMA5a56920",7.246689791,7.198872832,6.543409183,6.794373128,7.046818642,7.301745261,7.012828753,6.88357034,7.043758571,7.509441518,7.313265819,6.392806632,6.461487691,7.204284111,7.661066772,7.407517707,6.765976708,6.599357206,4.836288949,5.853408133,6.712959358,6.828575919,6.70489661,7.164886759,6.990042161,7.625382547,7.430357439,7.051509581,6.964303994,6.962801287,7.436648964,7.271508367,6.414493773,7.632677162,7.489432919,7.132522582,6.682097691,7.232233785,7.324466214,6.586082994,6.397969446,7.008449129,7.002606229,6.980255483,7.262647519,7.164077891,7.393574819,5.902079826
"CATMA5a57060",10.43701895,11.17243272,11.38192606,11.62291007,11.40290503,11.45213216,11.61068684,11.66537653,11.11222809,11.47987065,10.25133632,9.979260708,7.272303978,8.04407438,7.928600622,7.927880465,8.442691636,8.709360371,7.734842757,8.605823608,8.132735916,9.094542091,8.775496366,9.680077161,10.9827116,11.44090801,11.27333756,12.14081763,11.20543812,12.20963636,12.26256715,11.83929487,11.74899738,12.4749759,11.61496342,12.02594966,11.56766573,11.10142617,11.78618218,12.18612118,11.65605114,10.86384715,11.84485903,11.59245416,11.09854541,11.65644912,12.14860984,11.93003852
"CATMA5a59560",9.806913362,10.80673,11.1315494,11.98573596,11.81611922,11.38658815,11.68341541,12.02408197,11.51005251,11.382132,11.18426891,10.98862621,11.06582741,11.04076102,10.15147266,10.50236027,10.33231661,10.09052542,9.983896712,10.28887799,10.01321077,9.897467733,9.594724852,10.72510752,10.15223076,10.3697005,11.0156704,11.19843779,11.39531613,11.25192546,11.38449135,11.34510391,11.1933886,10.89206576,11.49686641,11.13147916,11.52377849,11.75319924,11.11720978,11.56680047,11.32763505,11.29496207,11.46702406,11.4043552,10.82960753,10.96948921,10.95450946,11.80784462
"CATMA5a60200",10.63725059,10.05681186,9.171522212,9.137386126,8.919394818,8.917863427,8.803221974,8.735295876,9.066346017,8.920607403,9.625085729,9.919663883,10.40784456,10.45803058,10.63721548,10.53528774,10.57773508,9.97871825,10.78649961,10.57487533,10.49274533,9.97032059,10.31538221,9.926820063,10.35353516,9.565216381,9.199354374,8.776856052,9.467003998,8.675050018,8.492036326,8.499835321,8.627630382,8.978308569,8.476756818,8.970495575,8.344978084,8.031067383,9.046911213,8.69944935,8.853238955,8.660466672,8.8405685,8.594237846,8.853226002,8.523488164,8.647434766,8.346603978
"CATMA5a60330",7.711297385,8.414076032,8.352631305,8.517638435,7.802509531,8.623015307,8.657561423,8.729898234,8.65219747,8.600754287,9.990892396,9.643517217,11.23252394,11.25204109,10.83695755,10.47308247,9.754150435,9.523479489,10.81030713,9.811474177,10.36446387,10.2784285,10.99392917,10.50241184,7.462497531,7.641249468,7.94902868,7.622623941,7.684853601,8.304413263,8.745900615,8.137721821,8.025273328,8.261033347,7.676864433,8.324490428,8.337990965,8.769875268,8.149398168,8.203191453,7.970505668,8.102859903,8.631195247,7.956331919,7.566135772,7.971981508,7.995664825,8.274443836
"CATMA5a62305",9.057370539,9.587187229,9.347039837,9.243734105,8.822108183,9.147028778,9.026727419,9.219442749,8.884686887,8.351553812,9.157823914,9.311178568,8.88665003,8.719643837,7.601788581,8.027864409,8.212822078,8.34613812,8.815817982,7.592717215,7.969318374,8.356446466,8.057905162,8.487632309,9.193718098,9.300348885,9.362663187,9.400038533,8.768850943,9.325660158,9.241831821,8.982430312,8.780878508,8.855912276,9.66165214,9.677371162,9.587591997,9.345174491,9.124953948,8.975143836,9.070755603,9.347595683,9.16869437,8.64846514,9.104738669,8.701554858,9.114369354,9.448715924
"CATMA5c64139",8.140735884,8.187303352,7.779388542,7.828960525,7.772603631,8.177722896,8.451054547,8.09187196,8.819188673,8.425438792,8.225135213,8.312394576,9.372033412,9.089174493,9.106573434,8.898440726,8.532817185,8.043239146,8.406060744,8.381359576,8.25138167,8.370129592,8.471483033,8.210445422,8.215449503,7.947792249,7.91203433,7.789981215,7.81384152,8.12447434,7.569365273,8.072724558,8.098740874,7.856110393,7.785145427,6.74351197,7.878086248,7.336193867,7.948226057,8.117025277,7.526642942,8.196034545,7.87595121,7.816044505,8.121285692,7.772789406,7.994106014,7.392511473
"CATMA5c64429",12.20718661,12.09359623,12.16488142,11.44271328,11.42290764,12.13127577,12.46188324,11.72252658,13.15805715,12.4439125,13.465718,13.17876916,13.89176951,14.22137639,13.97609454,14.79130495,14.35065529,14.22202087,14.13321723,14.07710131,14.24848434,13.49196679,13.73888374,13.29586152,12.30717723,11.40373517,11.99467269,11.15584449,11.42229621,11.55045102,11.52347284,12.44523047,12.93132305,11.47432555,12.70614843,12.43884207,13.14259702,12.81473545,12.37967189,13.03994545,12.14365265,13.56637607,12.4767471,13.72847687,13.1937179,12.41556525,12.75862621,11.67435615
"CATMA5c64767",8.04591674,7.412600093,8.245169581,8.00951496,8.181294556,8.16224506,8.328036021,7.87346093,8.443390308,7.832470427,8.921309757,8.161567845,9.248057309,9.009670549,9.10714645,9.165039256,9.04596986,8.885434142,9.062648859,8.924197428,8.742262833,8.51223102,8.644781032,8.465224806,7.713536878,7.389382948,8.044933699,7.184949437,8.364077845,7.852691544,7.824595549,7.99815672,7.78040872,7.460934222,8.203366912,7.946015461,7.894854327,7.60293405,7.730776762,7.760469612,7.308192231,8.035316821,7.675418726,8.279669089,7.861244091,7.558681688,7.526036043,7.285656312
"CATMA5c65068",8.074031369,8.400290939,7.781072932,7.150504746,7.447730211,7.065978676,7.12253899,7.249365358,7.801159423,8.188056831,7.862556494,7.700989491,7.630321422,7.101911281,7.229489134,6.789538973,7.076506858,7.178072332,7.622103095,7.359897695,7.036026301,7.666328796,7.068527803,7.198984925,8.283310898,8.703531375,8.05939337,7.657820086,7.614303999,7.457778101,7.64966454,7.651414205,7.592758044,9.314247339,8.165826258,7.898293404,8.409992532,7.258772582,7.955373286,7.424157214,7.939637701,7.128990838,6.286211993,7.406883475,7.184846483,7.98932364,8.378822105,7.767002566
"CATMA5c65122",8.894572441,9.231023765,8.963794492,8.998188198,8.856959187,9.100277388,9.073917248,8.771286556,9.161687983,9.504031858,9.677505952,9.841072379,9.389593933,9.752503074,9.409481973,10.49377985,10.34102683,10.29300403,10.25029189,10.86164379,11.01198769,10.92298956,11.13632914,11.40667866,8.561513841,8.496142914,8.742818432,8.79240165,8.778971975,8.659265949,8.729706785,8.477774866,8.819109672,8.727884019,8.82993462,8.693419788,8.485965874,8.390772059,8.663239954,9.015538507,9.039564163,8.62767509,8.890177034,8.941762522,9.217350439,8.849246954,9.197508317,8.732711514
"CATMA5c65156",10.07076767,10.19054265,10.13535645,10.13690572,9.698205346,9.936384577,9.955113695,9.73462518,9.433089581,9.211950739,9.948650445,10.05332702,9.306340583,9.530258882,9.603265819,9.610774371,9.749517437,9.601352347,9.34325823,9.365499688,9.092473805,9.09018115,9.066781174,9.607689733,10.15514556,10.06302679,9.84856817,10.14876649,9.804828045,10.21665269,9.955699242,9.725274763,9.389512401,9.391574571,10.5853918,10.39844212,10.40656064,10.13050934,10.19222316,10.02473144,10.04481772,10.07182978,9.998894453,9.911812294,9.624278097,9.109864464,9.973827595,10.20973955
